term_code,subject_code,course_id
1242,112,000441
1242,207,021182
1242,220,002671
1242,240,003275
1242,320,006277
1242,346,019469
1242,418,008417
1242,490,019470
1242,636,012597
1242,612,011914
1242,684,013791
1242,664,026021
1242,664,026022
1242,664,013242
1242,660,012891
1242,660,012892
1242,660,012893
1242,660,022819
1242,664,013261
1242,664,013263
1242,660,022820
1242,664,013265
1242,660,022821
1242,664,013269
1242,660,022824
1242,660,022825
1242,660,012903
1242,660,012904
1242,664,013275
1242,660,012906
1242,664,013277
1242,664,013279
1242,664,013283
1242,664,013285
1242,664,013289
1242,664,013290
1242,664,013293
1242,600,024585
1242,232,002983
1242,104,024623
1242,132,000656
1242,140,000731
1242,156,000802
1242,168,001062
1242,185,024969.4
1242,185,024969
1242,640,012718
1242,200,024045
1242,250,003760
1242,296,005544
1242,352,006721
1242,360,007638
1242,380,007471
1242,396,007638
1242,963,024237
1242,420,008453
1242,503,023798
1242,742,014831
1242,120,000600
1242,192,001592
1242,695,018632
1242,194,024983
1242,896,024426
1242,942,026308
1242,102,000001
1242,604,005198
1242,184,001523
1242,186,025096
1242,640,012719
1242,205,019257
1242,224,024257
1242,244,026457
1242,244,026457.1
1242,292,005198
1242,741,014983
1242,359,024421
1242,296,005546
1242,396,019122
1242,400,007729
1242,416,008189
1242,424,008691
1242,442,008924
1242,448,009043
1242,502,021900
1242,502,021900.14
1242,504,023197
1242,508,010545
1242,550,011268
1242,192,001593
1242,644,012864
1242,660,012909
1242,664,013296
1242,672,013688
1242,736,014674
1242,782,016132
1242,872,016978
1242,888,017188
1242,912,018221
1242,970,019257
1242,604,026231
1242,156,000803
1242,168,001065
1242,205,019258
1242,224,024258
1242,266,023191
1242,292,026231
1242,296,005547
1242,400,007730
1242,963,019169
1242,424,008692
1242,448,009044
1242,502,021901.36
1242,502,021901
1242,502,021901.35
1242,508,010546
1242,544,023191
1242,192,001594
1242,660,026419
1242,664,013299
1242,856,024678
1242,912,018222
1242,970,019258
1242,130,024799
1242,132,024799
1242,180,024684.12
1242,180,024684
1242,186,025098
1242,185,009045
1242,188,001538
1242,224,002749
1242,864,024799
1242,741,014972
1242,355,024799
1242,360,024799
1242,380,012911
1242,963,019170
1242,428,008838
1242,448,009045
1242,524,010905
1242,660,012911
1242,664,013301
1242,754,015589
1242,156,000804
1242,168,001066
1242,185,009046
1242,188,001539
1242,200,024185
1242,224,002750
1242,448,009046
1242,664,013303
1242,736,014677.40
1242,736,014677.39
1242,736,014677
1242,754,015590
1242,778,015858
1242,156,000805
1242,186,005301
1242,741,014960
1242,692,013873
1242,732,013873
1242,896,013873
1242,224,024620
1242,741,014962
1242,360,008461
1242,231,026107
1242,420,008461
1242,502,021905.32
1242,502,021905.35
1242,502,021905
1242,754,026449
1242,168,023557
1242,310,009049
1242,448,009049
1242,502,021906
1242,502,021906.3
1242,660,024507
1242,754,015592
1242,168,001067
1242,664,024387
1242,224,002755
1242,420,025017
1242,448,023888.4
1242,448,023888
1242,754,015594
1242,244,009050
1242,252,003972
1242,270,004573
1242,270,004573.8
1242,741,014939
1242,741,014939.8
1242,741,014939.23
1242,396,023555
1242,231,024360
1242,420,008465
1242,448,009050
1242,495,024818
1242,500,026061.1
1242,500,026061.4
1242,500,026061
1242,503,024949
1242,504,026477.4
1242,504,026477.2
1242,504,026477.3
1242,504,026477.1
1242,504,026477
1242,504,026477.5
1242,644,022171
1242,271,024353
1242,741,015047
1242,296,005551
1242,424,008693
1242,872,016980
1242,888,017190
1242,168,001068
1242,360,007254
1242,742,025050
1242,600,011598
1242,600,011599
1242,660,012921
1242,186,005315
1242,351,006727
1242,600,011600
1242,224,002757
1242,270,004574.26
1242,270,004574.22
1242,270,004574.7
1242,270,004574.9
1242,270,004574.23
1242,270,004574
1242,270,004574.16
1242,741,025526
1242,351,006728
1242,448,009053
1242,742,024168
1242,754,015595
1242,351,006729
1242,742,015181
1242,351,006730
1242,360,025207
1242,420,022746
1242,741,022111
1242,351,006731
1242,448,009054
1242,742,015184
1242,185,025775
1242,270,025775
1242,359,007161
1242,315,025775
1242,352,018741
1242,360,008194
1242,416,008194
1242,448,009055
1242,476,009902
1242,778,015860
1242,820,025775
1242,900,017527
1242,942,018741
1242,184,021523
1242,186,002648
1242,186,002648.11
1242,741,021523
1242,476,023193
1242,742,015185
1242,660,012923
1242,194,025629
1242,872,016982
1242,186,017951
1242,208,015771
1242,742,023986
1242,766,015771
1242,186,017866
1242,247,024539
1242,270,022973
1242,741,015057
1242,742,014845
1242,726,024783
1242,194,025227
1242,900,017528
1242,186,017928
1242,360,008198
1242,416,008198
1242,742,015194
1242,186,017930
1242,180,026409
1242,205,001943
1242,208,001943
1242,448,023963
1242,502,026522
1242,942,025072
1242,186,017872
1242,535,017530
1242,900,017530
1242,908,008288
1242,694,014036
1242,186,021943
1242,741,025918
1242,412,008122
1242,448,026475
1242,963,024493
1242,448,024493
1242,900,017531
1242,604,026282
1242,186,017990
1242,741,023903
1242,535,026416
1242,194,026416
1242,741,023904
1242,448,024167
1242,186,018029
1242,900,017532
1242,186,021945
1242,360,008199
1242,416,008199
1242,448,009064
1242,502,026300
1242,188,024908
1242,640,024831
1242,864,016784
1242,741,022337
1242,310,021498
1242,352,024230
1242,352,024230.5
1242,420,024831
1242,503,024775
1242,742,024125
1242,778,015889
1242,900,016784
1242,942,018746
1242,600,011615
1242,310,026291
1242,448,026291
1242,664,013345
1242,352,024279
1242,963,024279
1242,664,023094
1242,502,025271
1242,664,025396
1242,664,013348
1242,184,024374
1242,220,025086
1242,240,025558
1242,244,024151
1242,310,005965.73
1242,310,005965
1242,310,005965.72
1242,310,005965.61
1242,352,024374
1242,496,023034
1242,512,025319
1242,742,025128
1242,703,019061
1242,942,018748
1242,205,019262
1242,208,019262
1242,228,009290
1242,240,025562
1242,448,009290
1242,660,012932
1242,970,019262
1242,184,025036
1242,205,019263
1242,208,019263
1242,970,019263
1242,359,007165
1242,352,024483
1242,352,024483.9
1242,360,024483
1242,360,024483.9
1242,970,022935
1242,106,024341
1242,766,025776
1242,970,025776
1242,250,023780
1242,352,021417.4
1242,352,021417
1242,412,024026
1242,494,021581
1242,106,000210
1242,741,015063
1242,352,024756
1242,352,024756.1
1242,502,026387
1242,240,026530
1242,778,015871
1242,820,017535
1242,900,017535
1242,942,018749
1242,741,023735
1242,352,021444
1242,512,023588
1242,942,022097
1242,741,023028
1242,184,025201
1242,188,025316
1242,416,008202
1242,496,024497
1242,778,024173
1242,900,017536
1242,640,012729
1242,360,012729
1242,600,011616
1242,660,012936
1242,140,021994
1242,352,021994
1242,271,024354
1242,352,021421.18
1242,352,021421
1242,856,024354
1242,352,024249.8
1242,352,024249
1242,352,024249.7
1242,352,024249.3
1242,230,025719
1242,224,026315
1242,224,026315.1
1242,352,021422
1242,352,021422.15
1242,352,021422.14
1242,416,026385.1
1242,416,026385
1242,494,022976
1242,672,013695
1242,168,024498
1242,352,024324
1242,512,023603.13
1242,512,023603
1242,352,021423
1242,352,021423.14
1242,352,021423.16
1242,352,021423.18
1242,352,024231
1242,352,024231.5
1242,206,025829
1242,250,003770
1242,352,021424
1242,900,017538
1242,352,021425.18
1242,352,021425.15
1242,352,021425
1242,778,015866
1242,310,026376
1242,250,003772
1242,420,008475
1242,106,000213
1242,188,001547
1242,250,003773
1242,420,008476
1242,900,017540
1242,970,019267
1242,604,011843
1242,188,001548
1242,207,001924
1242,250,023647
1242,266,024794
1242,270,026532
1242,741,022338
1242,310,005966
1242,233,026075
1242,380,025317
1242,963,021199
1242,425,025317
1242,448,009069.155
1242,448,009069.102
1242,448,009069.151
1242,448,009069.51
1242,448,009069.152
1242,448,009069
1242,448,009069.156
1242,448,009069.146
1242,448,009069.157
1242,500,010473
1242,235,003092
1242,664,022334
1242,826,025182
1242,194,023890
1242,900,021199
1242,942,025054
1242,104,000026
1242,102,000007
1242,186,025100
1242,228,002879
1242,252,003974
1242,271,024394
1242,352,006738
1242,346,006573
1242,355,007080
1242,360,007080
1242,442,008930
1242,448,023694.129
1242,448,023694.65
1242,448,023694.130
1242,448,023694.134
1242,448,023694
1242,448,023694.108
1242,448,023694.131
1242,448,023694.93
1242,448,023694.117
1242,456,009619
1242,500,010475
1242,498,024325
1242,512,010718
1242,544,023086
1242,551,011367
1242,612,024851
1242,644,012874
1242,664,013351
1242,672,013697
1242,754,015599
1242,782,016136
1242,826,025942
1242,872,016984
1242,104,025208
1242,104,025208.17
1242,180,001293
1242,252,003975
1242,310,025900
1242,346,006574
1242,420,021358
1242,498,024822
1242,512,021347
1242,544,023151
1242,754,015600
1242,820,016364
1242,132,023580
1242,186,025102
1242,260,004102.53
1242,260,004102.49
1242,260,004102.51
1242,260,004102
1242,310,026549
1242,320,023741
1242,355,023580
1242,360,026495
1242,360,026495.1
1242,400,007737
1242,424,008702
1242,500,010478
1242,508,010549
1242,510,025759
1242,512,024963
1242,535,025759
1242,551,011369
1242,694,023580
1242,856,025759
1242,888,017200
1242,912,018230
1242,104,025314
1242,104,025314.6
1242,320,025799
1242,352,023990
1242,400,007738
1242,424,008703
1242,508,010550
1242,912,018231
1242,186,005411
1242,296,025795
1242,355,025648
1242,360,025648
1242,233,026128
1242,500,010480
1242,664,013358
1242,778,015870
1242,896,017339
1242,900,024367
1242,244,025659
1242,778,015886
1242,896,017340
1242,912,018235
1242,352,006741
1242,664,013361
1242,754,015604
1242,888,017204
1242,551,021876
1242,754,015605
1242,310,026406
1242,551,022155
1242,664,013364
1242,104,000028
1242,180,025069
1242,864,017541
1242,359,007167
1242,310,024486
1242,320,023742
1242,380,000028
1242,490,026005
1242,502,024225
1242,504,026478.3
1242,504,026478.4
1242,504,026478.6
1242,504,026478
1242,504,026478.7
1242,504,026478.1
1242,504,026478.5
1242,504,026478.2
1242,520,025091
1242,644,022173
1242,703,022902
1242,704,022902
1242,736,014683
1242,820,016367
1242,194,026305
1242,900,017541
1242,232,002984
1242,864,017542
1242,741,015073
1242,400,022886.16
1242,400,022886
1242,456,026336
1242,456,026336.2
1242,600,011619
1242,660,012949
1242,664,013367
1242,736,014684
1242,872,016986
1242,900,017542
1242,104,024404
1242,156,000808
1242,168,001084
1242,310,026199
1242,456,009561
1242,504,023715
1242,120,000604
1242,452,009561
1242,424,008705
1242,600,011621
1242,664,013370
1242,168,001085
1242,352,023841
1242,108,000329
1242,502,025216
1242,551,011374
1242,664,013373
1242,664,013376
1242,888,021203
1242,185,024970
1242,856,024970
1242,320,023743
1242,448,021387
1242,510,021387
1242,664,013379
1242,942,021764
1242,942,021764.52
1242,184,017545
1242,266,025498
1242,310,024871
1242,320,006286
1242,736,014686
1242,900,017545
1242,942,025233
1242,186,002652
1242,186,002652.11
1242,359,007169
1242,551,011379
1242,600,011623
1242,660,012952
1242,664,013382
1242,782,016138
1242,872,016988
1242,942,025234
1242,168,001088
1242,359,007170
1242,551,011380
1242,600,011624
1242,942,025235
1242,186,018040
1242,359,007171
1242,352,011381
1242,551,011381
1242,664,013385
1242,912,018244
1242,168,001089
1242,359,024419
1242,352,024250
1242,912,018246
1242,106,021951
1242,186,017889
1242,270,022008
1242,741,015086
1242,742,026059
1242,664,013388
1242,782,016140
1242,820,016368
1242,912,025286
1242,551,021390
1242,912,018248
1242,186,017956
1242,244,011451
1242,510,011451
1242,742,023701
1242,551,011451
1242,664,013391
1242,856,011451
1242,296,023347
1242,400,007751
1242,600,023881
1242,168,007177
1242,186,017932
1242,359,007177
1242,270,024461
1242,320,006287
1242,503,024776
1242,508,010558
1242,104,000024
1242,106,000221
1242,186,017895
1242,228,015879
1242,510,023749.9
1242,510,023749
1242,612,011945
1242,664,013396
1242,778,015879
1242,168,001092
1242,551,023469
1242,104,024665
1242,106,024665
1242,186,017924
1242,292,005215
1242,551,011388
1242,664,013399
1242,600,011628
1242,684,013793
1242,146,024526
1242,186,018111
1242,320,023153
1242,551,021858
1242,633,021858
1242,664,013402
1242,754,023153
1242,188,021409
1242,352,006769.35
1242,352,006769
1242,424,008716
1242,424,008716.9
1242,551,011390
1242,551,011390.8
1242,186,018119
1242,270,025154
1242,310,025746
1242,664,013405
1242,551,026309
1242,888,026309
1242,186,017964
1242,664,013409
1242,184,001525.33
1242,184,001525
1242,184,001525.44
1242,184,001525.28
1242,184,001525.42
1242,208,001950
1242,252,003980
1242,266,011630
1242,272,023985
1242,741,022572
1242,310,005996
1242,503,025016
1242,600,011630
1242,612,011948
1242,664,013411
1242,826,025247
1242,932,025403
1242,741,015090
1242,359,024420
1242,352,023847
1242,664,026068
1242,736,014688
1242,754,015606
1242,106,000224
1242,168,001095
1242,180,000224
1242,352,023848
1242,736,014689
1242,168,001096
1242,185,009088
1242,416,009088
1242,448,009088
1242,778,009088
1242,900,009088
1242,604,026014
1242,352,023850.58
1242,352,023850.32
1242,352,023850.39
1242,352,023850.59
1242,352,023850
1242,888,019530.29
1242,888,019530.34
1242,888,019530
1242,140,023436
1242,352,023436
1242,551,020076.32
1242,551,020076.37
1242,551,020076
1242,664,013414
1242,754,021386
1242,864,016792
1242,396,016792
1242,754,021404
1242,900,016792
1242,112,000476
1242,424,023319
1242,754,021497
1242,184,026346
1242,220,002675
1242,240,025564
1242,250,003784
1242,271,023261
1242,494,021189
1242,502,021189
1242,520,010837
1242,872,025999
1242,908,025422
1242,942,018768
1242,271,024355
1242,120,023511
1242,664,013416
1242,872,016992
1242,266,022784
1242,359,024771
1242,320,022784
1242,359,007181
1242,230,025124
1242,500,010497.10
1242,500,010497
1242,660,012971
1242,247,024868
1242,500,010498
1242,500,010498.6
1242,551,011403
1242,185,015878
1242,220,023133
1242,360,026507
1242,448,015878
1242,500,026507
1242,551,011404
1242,633,011404
1242,778,015878
1242,660,021814
1242,271,004627
1242,502,026407
1242,660,012973
1242,424,023320
1242,864,025596
1242,448,025596
1242,778,025596
1242,900,025596
1242,106,018257
1242,156,018257
1242,208,019269
1242,224,023637
1242,250,003785
1242,864,018257
1242,310,025619
1242,360,019269
1242,416,018257
1242,448,018257
1242,502,023527
1242,525,018257
1242,551,023574
1242,636,025159
1242,660,025995
1242,778,018257
1242,900,018257
1242,912,018257
1242,970,019269
1242,448,023915
1242,476,009907
1242,520,010841
1242,535,023915
1242,551,011410
1242,766,009907
1242,872,016994
1242,250,003786
1242,424,023321
1242,230,002897
1242,660,012976
1242,476,009908
1242,230,002898
1242,520,009908
1242,208,024437
1242,741,015099
1242,660,012979
1242,504,023101
1242,108,026266
1242,424,024234
1242,660,012981
1242,660,012981.6
1242,660,012981.4
1242,660,012981.3
1242,660,012981.2
1242,660,012981.8
1242,741,024637
1242,660,012982
1242,660,012983
1242,112,024046
1242,320,006297
1242,963,011419
1242,425,025559.6
1242,425,025559.8
1242,425,025559
1242,120,023534
1242,551,011419
1242,660,012984
1242,106,023779
1242,106,023779.26
1242,106,023779.17
1242,320,006298
1242,347,013794
1242,400,007766
1242,660,012985
1242,872,016996
1242,250,003792
1242,778,015876
1242,271,024439
1242,612,024425
1242,778,022004
1242,826,025690.10
1242,826,025690.9
1242,826,025690
1242,104,026045
1242,106,022602
1242,271,004624
1242,348,006688
1242,448,022354.4
1242,448,022354
1242,456,022602
1242,551,011424
1242,672,013703
1242,888,017222
1242,424,011425
1242,424,011425.6
1242,424,011425.9
1242,424,011425.11
1242,424,011425.8
1242,424,011425.10
1242,551,011425
1242,551,011425.6
1242,551,011425.9
1242,551,011425.11
1242,551,011425.8
1242,551,011425.10
1242,104,017556
1242,106,017556
1242,156,017556
1242,272,023567
1242,416,017556
1242,448,017556
1242,778,017556
1242,888,017224
1242,900,017556
1242,424,008725.26
1242,424,008725
1242,826,025130
1242,888,017225
1242,456,009638
1242,826,025943
1242,400,026320
1242,826,026151
1242,400,026321
1242,412,008124
1242,120,000607
1242,694,014040
1242,240,003292
1242,418,003292
1242,612,011958
1242,660,026560
1242,250,003794
1242,266,022548
1242,424,008731
1242,508,010565
1242,108,000331
1242,132,000658
1242,604,011850
1242,185,005359
1242,200,001833
1242,112,000481
1242,205,022525
1242,208,024403
1242,224,002764
1242,240,003293
1242,247,010440
1242,250,003795
1242,864,016796
1242,271,004625
1242,292,005203
1242,359,007185
1242,296,005562
1242,355,007082
1242,390,007553
1242,396,007644
1242,963,019186
1242,412,008125
1242,424,008732
1242,476,009911
1242,503,024751
1242,508,010566
1242,520,010849
1242,120,000608
1242,636,012607
1242,612,011959
1242,192,001598
1242,692,013890
1242,694,014041
1242,703,019063
1242,754,015610
1242,766,015773
1242,872,017006
1242,888,017228
1242,896,022920
1242,908,017788
1242,942,018770
1242,970,023831
1242,232,002985
1242,242,021357
1242,156,000825
1242,180,001302
1242,185,021717.62
1242,185,021717.98
1242,185,021717
1242,185,021717.79
1242,185,021717.73
1242,207,019548
1242,208,001959
1242,247,023310
1242,244,001302
1242,266,024795
1242,270,024490
1242,270,024490.22
1242,270,024490.3
1242,296,003041
1242,310,005968
1242,233,003041
1242,448,024204
1242,742,015228
1242,236,003116
1242,237,003161
1242,238,003198
1242,766,015774
1242,194,001686
1242,241,003660
1242,232,002986
1242,242,022911
1242,102,000015
1242,140,021500
1242,156,011273
1242,186,005361
1242,185,022577.26
1242,185,022577
1242,185,022577.32
1242,112,026157
1242,271,024473
1242,272,024189
1242,296,005565
1242,315,006099
1242,390,022975
1242,231,002962
1242,442,008949
1242,448,024205
1242,456,026337
1242,476,026337
1242,510,008949
1242,550,011273
1242,644,012878
1242,660,024189
1242,672,013698
1242,782,016144
1242,888,017230
1242,908,017789
1242,932,018439
1242,232,002987
1242,132,000661
1242,168,001105
1242,228,015948
1242,296,005566
1242,355,007084
1242,231,002963
1242,778,015948
1242,908,026501
1242,970,007084
1242,242,011640
1242,104,024505
1242,140,026160
1242,140,026160.2
1242,140,026160.3
1242,140,026160.1
1242,156,000830
1242,186,005363
1242,252,003988
1242,320,024304
1242,346,006582
1242,428,008851
1242,448,009111
1242,496,025773
1242,550,022186
1242,192,001600
1242,932,025055
1242,272,024191
1242,420,021362
1242,192,001601
1242,660,024191
1242,736,023189
1242,932,025056
1242,604,011852
1242,186,022863
1242,352,024953
1242,360,024953
1242,233,003042
1242,390,011852
1242,963,024913
1242,416,008222
1242,428,008853
1242,524,010908
1242,236,003117
1242,237,003162
1242,192,023365
1242,684,013796
1242,856,024913
1242,888,023181
1242,932,025057
1242,944,008222
1242,108,003242
1242,140,025008
1242,168,001110
1242,228,025862
1242,691,013895
1242,272,025862
1242,296,003242
1242,360,025008
1242,231,024534
1242,612,011960
1242,778,026490
1242,239,003242
1242,888,023182
1242,944,003242
1242,168,025304
1242,185,018044
1242,352,006789
1242,346,011961
1242,231,024535
1242,612,011961
1242,754,015614
1242,856,018044
1242,140,026220
1242,180,022591
1242,742,026400
1242,600,018441
1242,932,018441
1242,232,002989
1242,185,025568
1242,188,001554
1242,640,012734
1242,207,001925
1242,220,002673
1242,240,003306
1242,250,024411
1242,250,024411.10
1242,250,024411.1
1242,296,005569
1242,231,023377
1242,550,011277
1242,237,003163
1242,600,018442
1242,612,025964
1242,644,022175
1242,194,024921
1242,932,018442
1242,220,002677
1242,224,021698
1242,240,003307
1242,272,023679
1242,741,015101
1242,296,005570
1242,400,007780
1242,231,023493
1242,424,008737
1242,508,010568
1242,520,026257
1242,612,025979
1242,664,013434
1242,754,015617
1242,766,023887
1242,778,015931
1242,782,016147
1242,856,024759
1242,912,018267
1242,932,018443
1242,168,001113
1242,272,023935
1242,490,025761
1242,932,018444
1242,320,006317
1242,400,007782
1242,424,008739
1242,490,002122
1242,235,007782
1242,692,024789
1242,168,001115
1242,352,006810
1242,742,015239
1242,120,000629
1242,692,024790
1242,778,015944
1242,207,021232
1242,228,025210
1242,252,003990
1242,272,023681
1242,296,025985
1242,320,006319
1242,352,006817
1242,360,019277
1242,416,025905
1242,490,010227
1242,502,022638
1242,504,025905
1242,692,024791
1242,778,015932
1242,888,017236
1242,970,019277
1242,168,001117
1242,272,023936
1242,352,006818
1242,692,024765
1242,778,026343
1242,194,025228
1242,970,019278
1242,691,013898
1242,320,006321
1242,360,025958
1242,380,022197
1242,692,025039
1242,106,021816
1242,168,001118
1242,180,021855
1242,741,021816
1242,352,006820
1242,396,019127
1242,742,015243
1242,660,021816
1242,106,026316
1242,184,026316
1242,266,025710
1242,272,025078
1242,741,026316
1242,359,023465
1242,380,026316
1242,600,011645
1242,912,018270
1242,912,018270.2
1242,912,018270.19
1242,108,000334
1242,220,002678
1242,240,003310
1242,252,003995
1242,266,025499
1242,296,003043
1242,310,026270
1242,315,006120
1242,320,006322
1242,233,003043
1242,380,007479
1242,231,022991
1242,476,009913
1242,490,010231
1242,503,024777
1242,235,022991
1242,504,023198.16
1242,504,023198.12
1242,504,023198
1242,236,023614
1242,600,011646
1242,194,026517
1242,912,018271
1242,104,001048
1242,156,000853
1242,271,024369
1242,359,026114
1242,315,006121
1242,400,007786
1242,490,010232
1242,494,026189
1242,508,010570
1242,600,011647
1242,754,015618
1242,888,017239
1242,908,020039
1242,168,001119
1242,240,003312
1242,315,026466
1242,400,007787
1242,234,003085
1242,236,023616
1242,600,011648
1242,754,015619
1242,104,000066
1242,176,004771
1242,244,026545
1242,490,010235
1242,510,026545
1242,692,024846
1242,766,017796
1242,856,026545
1242,908,017796
1242,168,001120
1242,176,004772
1242,220,002679
1242,240,025978
1242,360,017797
1242,390,001606
1242,192,001606
1242,692,024845
1242,778,016009
1242,908,017797
1242,932,021159
1242,186,018123
1242,250,003846
1242,233,003044
1242,390,001607
1242,400,022889
1242,424,008741.9
1242,424,008741
1242,742,024105
1242,192,001607
1242,194,025198
1242,912,018275
1242,106,022595
1242,168,001121
1242,220,002680
1242,315,023920
1242,360,026048
1242,963,022595
1242,551,011434.7
1242,551,011434
1242,692,024848
1242,912,018241
1242,176,001276
1242,224,002761
1242,359,007172
1242,692,024964
1242,826,025692
1242,908,026273
1242,228,026492
1242,272,023685
1242,352,006843
1242,351,006814
1242,351,006814.23
1242,360,024095
1242,448,024095
1242,104,024901
1242,186,018070
1242,224,002762
1242,235,018276
1242,778,016019
1242,912,018276
1242,140,026047
1242,156,000864.56
1242,156,000864
1242,640,012740
1242,207,024657
1242,208,001962
1242,228,002887
1242,228,002887.45
1242,240,003318
1242,247,026047
1242,741,023907
1242,296,005579
1242,320,006324
1242,233,022619
1242,963,019196.14
1242,963,019196
1242,418,003318
1242,742,022981
1242,550,011288
1242,636,012616
1242,194,001688
1242,104,000071
1242,186,018104
1242,272,025346
1242,741,015105
1242,315,006132
1242,320,006326
1242,355,007093
1242,420,022130
1242,425,002654
1242,612,011946
1242,660,013018
1242,664,013463
1242,888,017243
1242,168,001123
1242,228,022072
1242,320,006327
1242,963,022072
1242,120,000626
1242,636,012618
1242,694,014044
1242,888,017244
1242,104,000073
1242,106,000266
1242,168,026227
1242,186,017926
1242,963,000266
1242,476,026297
1242,664,013466
1242,856,021602
1242,932,018455
1242,168,001124
1242,104,000075.2
1242,104,000075
1242,108,025561
1242,146,015748
1242,186,022610
1242,188,021677
1242,640,008239
1242,247,000610
1242,310,023128
1242,360,008239
1242,416,008239
1242,420,008239
1242,504,023128
1242,512,021438
1242,237,023724
1242,194,026041
1242,604,026250
1242,168,001125
1242,146,024797
1242,186,018121
1242,272,004782
1242,424,008761
1242,551,011441
1242,660,004782
1242,106,000293
1242,146,024785
1242,168,024060
1242,208,008241
1242,416,008241
1242,778,025996
1242,156,025156
1242,186,017966
1242,272,023940
1242,360,008242
1242,416,008242
1242,425,011286
1242,664,013477
1242,232,002992
1242,108,021173
1242,132,022774
1242,208,022774
1242,240,003319
1242,244,024333
1242,864,021173
1242,271,024391
1242,320,006330
1242,963,021968.19
1242,963,021968
1242,416,008200
1242,476,022774
1242,508,010574
1242,600,011655
1242,612,011975
1242,660,013022.2
1242,660,013022.3
1242,660,013022
1242,900,021173
1242,932,025501
1242,140,026318
1242,168,015120
1242,224,002765
1242,864,024914
1242,741,015120
1242,359,024854
1242,360,026318
1242,503,025242
1242,510,022400
1242,600,021987
1242,736,014696
1242,778,022400
1242,900,024914
1242,168,001127
1242,320,006332
1242,380,011446
1242,612,011979
1242,633,011446
1242,664,013479
1242,856,011446
1242,872,011446
1242,942,018783
1242,224,002767
1242,351,006736
1242,224,002768
1242,351,006812
1242,140,025025
1242,224,002769
1242,247,023311
1242,250,023630
1242,351,024066
1242,360,025025
1242,416,025025
1242,512,021439
1242,168,001129
1242,224,002770
1242,250,022106
1242,660,013026.11
1242,660,013026.6
1242,660,013026
1242,106,000257
1242,228,022352
1242,250,022352
1242,400,007797
1242,448,000257
1242,664,013480
1242,168,023645
1242,186,018023
1242,400,007798
1242,490,024424
1242,664,013481
1242,351,024067
1242,490,010239
1242,820,010239
1242,932,018458
1242,250,003808
1242,310,026459.1
1242,310,026459
1242,352,024966.12
1242,352,024966
1242,351,006813
1242,963,024966.12
1242,963,024966
1242,448,023855
1242,456,009665.32
1242,456,009665
1242,476,024377
1242,490,023827
1242,742,015268
1242,544,024780
1242,120,020087
1242,636,012621
1242,778,023316
1242,942,020079
1242,185,005415
1242,250,003809
1242,355,007096
1242,424,008746
1242,476,025938
1242,544,023983
1242,550,026479
1242,636,012622
1242,612,022649
1242,238,003199
1242,108,025649
1242,266,006337
1242,320,006337
1242,612,022650
1242,320,006339
1242,352,006892
1242,742,023984
1242,168,001130
1242,250,003813
1242,266,004244
1242,320,004244
1242,520,010856
1242,180,001380
1242,186,025113.17
1242,186,025113
1242,186,025113.1
1242,186,025113.4
1242,186,025113.9
1242,186,025113.5
1242,186,025113.12
1242,186,025113.6
1242,186,025113.8
1242,186,025113.7
1242,186,025113.10
1242,186,025113.11
1242,186,025113.16
1242,186,025113.14
1242,640,025331
1242,250,003814
1242,271,024429
1242,741,015111
1242,359,007191
1242,360,025331
1242,742,023885
1242,237,024478
1242,194,026413
1242,186,025132
1242,186,025132.1
1242,186,025132.12
1242,186,025132.2
1242,186,025132.9
1242,186,025132.10
1242,186,025132.3
1242,186,025132.7
1242,186,025132.15
1242,186,025132.14
1242,186,025132.11
1242,186,025132.5
1242,186,025132.6
1242,186,025132.4
1242,864,017569
1242,272,024951
1242,448,009171
1242,900,017569
1242,942,022744
1242,250,024685
1242,272,004801
1242,352,026166
1242,963,026166
1242,448,009173
1242,240,026456
1242,250,021859
1242,864,017572
1242,271,023192
1242,352,006834
1242,360,019289
1242,396,019289
1242,231,025555
1242,418,008499
1242,420,008499
1242,448,006834
1242,456,026521
1242,742,015273
1242,120,000612
1242,636,012626
1242,856,006834
1242,900,017572
1242,942,025236
1242,970,019289
1242,104,000088
1242,156,000891
1242,250,003819
1242,864,017573
1242,742,015275
1242,525,000891
1242,612,011991
1242,900,017573
1242,912,018292
1242,942,018790
1242,636,012629
1242,156,000893
1242,525,000893
1242,612,011995
1242,912,018294
1242,742,015277
1242,612,011996
1242,242,023706.7
1242,242,023706
1242,272,023708
1242,233,003045.36
1242,233,003045.35
1242,233,003045
1242,233,003045.38
1242,231,002967.52
1242,231,002967
1242,234,021356
1242,234,021356.29
1242,500,024380
1242,508,024380
1242,551,024380
1242,236,003118
1242,236,003118.46
1242,237,003164.33
1242,237,003164.28
1242,237,003164
1242,778,024380
1242,239,003244.40
1242,239,003244.38
1242,239,003244
1242,194,023708
1242,241,003661.6
1242,241,003661
1242,604,026283
1242,168,018793
1242,448,025082
1242,504,025082
1242,551,026194.1
1242,551,026194
1242,888,026194.1
1242,888,026194
1242,942,018793
1242,112,022776
1242,272,004808
1242,360,022776
1242,942,024999
1242,228,022770
1242,250,003821
1242,266,019505
1242,266,019505.15
1242,266,019505.16
1242,352,022770
1242,612,012001
1242,104,010076
1242,132,023138
1242,604,011864
1242,185,010076
1242,208,023138
1242,240,003338
1242,272,004811
1242,292,011864
1242,320,006345
1242,351,024069
1242,963,023561.5
1242,963,023561
1242,231,026293
1242,416,008272
1242,425,025571
1242,425,025571.9
1242,476,021176
1242,742,004820
1242,612,012003
1242,856,010076
1242,908,023138
1242,104,000098
1242,108,025341
1242,140,021574
1242,272,004812
1242,296,025341
1242,234,003084
1242,500,022775.43
1242,500,022775.30
1242,500,022775
1242,550,021574
1242,932,021160
1242,168,018797
1242,112,020058
1242,240,020058
1242,250,003823
1242,272,004813
1242,424,022566.30
1242,424,022566
1242,424,022566.39
1242,424,022566.38
1242,476,023205
1242,908,020058
1242,942,018797
1242,104,000101
1242,108,023010
1242,272,004815
1242,504,023010
1242,512,017610
1242,742,024059
1242,550,011301
1242,550,011301.22
1242,551,011457.29
1242,551,011457
1242,778,017610
1242,944,017610
1242,108,000347.36
1242,108,000347
1242,132,000683.38
1242,132,000683
1242,132,000683.37
1242,604,011865.45
1242,604,011865
1242,185,021385
1242,200,001834.14
1242,200,001834
1242,112,000510.25
1242,112,000510
1242,205,022842.27
1242,205,022842
1242,247,004414.15
1242,247,004414
1242,250,024537
1242,864,016812.35
1242,864,016812
1242,292,005211.21
1242,292,005211
1242,352,024031
1242,355,007101.16
1242,355,007101
1242,390,007571.16
1242,390,007571
1242,412,008126.27
1242,412,008126.26
1242,412,008126.25
1242,412,008126
1242,425,025991.1
1242,425,025991
1242,448,026062
1242,503,024752.12
1242,503,024752.13
1242,503,024752.14
1242,503,024752
1242,504,026062
1242,520,010862.64
1242,520,010862
1242,600,011636
1242,672,013711
1242,766,015784.42
1242,766,015784
1242,896,026272
1242,896,026272.1
1242,132,024628
1242,156,022395
1242,168,001135
1242,186,005400
1242,741,023911
1242,320,006350
1242,476,024628
1242,525,022395
1242,612,026524
1242,240,008277
1242,250,024416
1242,250,024416.5
1242,360,008277
1242,416,008277
1242,694,025701
1242,186,005398
1242,185,023466
1242,292,005204
1242,416,023341
1242,180,022709
1242,185,022709
1242,416,026411
1242,942,018801
1242,112,026085
1242,520,026361
1242,820,025049
1242,826,025131
1242,206,001913
1242,206,001914
1242,207,021183
1242,490,021179
1242,272,004824
1242,296,005599
1242,296,005599.23
1242,742,015279
1242,104,000105.3
1242,104,000105
1242,424,008756
1242,240,023602
1242,272,004827
1242,240,003340
1242,346,003340
1242,272,004830
1242,496,006701
1242,520,025177
1242,360,026238
1242,232,002996
1242,242,025656
1242,108,000348
1242,132,000686
1242,146,025335
1242,604,011866
1242,200,001835
1242,112,000511
1242,207,001926
1242,864,016813
1242,272,004831
1242,292,005212
1242,741,015117
1242,310,005997
1242,320,006353
1242,360,025639
1242,233,003046
1242,380,007498
1242,390,007572
1242,396,007662
1242,412,008127
1242,476,009942
1242,742,015282
1242,544,022794
1242,120,000619
1242,236,003119
1242,192,001621
1242,694,014050
1242,238,003201
1242,704,021166
1242,239,003245
1242,241,003662
1242,908,017812
1242,207,021394
1242,208,001967
1242,247,024879
1242,266,024798
1242,296,025031
1242,360,007304
1242,360,007304.77
1242,360,007304.82
1242,360,007304.83
1242,535,021870
1242,535,021870.27
1242,778,015917.43
1242,778,015917
1242,856,016732.130
1242,856,016732.129
1242,856,016732
1242,896,017345
1242,970,019293.69
1242,970,019293.55
1242,970,019293.58
1242,970,019293
1242,102,000018
1242,206,024536
1242,360,022834.12
1242,360,022834
1242,418,008424
1242,418,008424.14
1242,424,022567
1242,428,008855
1242,442,008974
1242,448,025654.7
1242,448,025654
1242,456,014637
1242,504,023717.4
1242,504,023717
1242,510,008974
1242,512,010728
1242,524,010914
1242,236,003120
1242,636,012638.45
1242,636,012638
1242,636,012638.43
1242,636,012638.40
1242,644,012880
1242,664,013483
1242,672,013706
1242,700,014158
1242,778,015918.145
1242,778,015918
1242,820,024968
1242,872,017042
1242,732,014637
1242,208,001969
1242,250,003826
1242,266,023793
1242,360,022835.76
1242,360,022835
1242,360,022835.79
1242,360,022835.71
1242,396,001969
1242,420,025583
1242,424,022568
1242,504,023718.1
1242,504,023718
1242,180,025527
1242,180,025527.5
1242,208,001971
1242,266,026013
1242,352,010519
1242,424,022569
1242,235,021256
1242,504,023719
1242,504,023719.2
1242,236,021256
1242,932,026013
1242,360,023210.28
1242,360,023210
1242,424,022570
1242,456,025323
1242,872,023056.24
1242,872,023056
1242,872,023056.19
1242,872,023056.20
1242,104,024340
1242,104,024340.5
1242,156,026087
1242,186,022865
1242,346,006600
1242,664,013490
1242,820,016418
1242,970,023705
1242,232,002997
1242,104,024749.5
1242,104,024749
1242,272,026251
1242,684,013804
1242,194,026251
1242,691,024006
1242,266,023601
1242,352,024098
1242,544,026072
1242,664,013493
1242,352,006790
1242,168,024470
1242,272,024220
1242,352,006791
1242,448,026443
1242,660,024220
1242,664,013496
1242,856,026443
1242,156,019295
1242,208,019295
1242,272,024221
1242,296,005602
1242,233,003047
1242,390,007573
1242,963,025716
1242,963,025716.1
1242,551,011459.12
1242,551,011459.23
1242,551,011459
1242,237,025500
1242,644,022177
1242,660,024221
1242,239,003246
1242,872,017047
1242,970,019295
1242,180,001425
1242,180,001425.21
1242,240,003356
1242,320,006357
1242,352,006796
1242,352,006796.35
1242,352,006796.34
1242,660,013041
1242,664,013499
1242,684,013806
1242,239,025846
1242,872,017048
1242,872,017048.7
1242,872,017048.8
1242,732,014640
1242,932,018461
1242,266,004250
1242,310,005999
1242,320,006358
1242,352,025955
1242,448,005999
1242,490,024587
1242,236,023617
1242,239,025855
1242,496,022651
1242,664,013502
1242,604,005213
1242,168,001141
1242,207,025161
1242,292,005213
1242,612,025161
1242,778,023853
1242,820,016394
1242,604,011869
1242,240,003308
1242,352,006821
1242,490,010246
1242,237,003166
1242,600,011663
1242,664,013505
1242,754,015627
1242,239,003247
1242,348,021619
1242,660,013048
1242,360,025623
1242,490,022702
1242,512,010756
1242,664,013508
1242,778,015926
1242,272,026215
1242,347,026383
1242,612,012019
1242,448,009231
1242,612,021707
1242,664,013511
1242,872,021551
1242,184,022353
1242,244,003738
1242,250,022353
1242,272,024196
1242,296,003248
1242,310,026252
1242,233,023498
1242,963,019211
1242,235,003167
1242,237,003167
1242,660,024196
1242,718,014380
1242,239,003248
1242,944,003248
1242,108,000352
1242,186,023467.3
1242,186,023467.5
1242,186,023467
1242,186,023467.10
1242,186,023467.9
1242,224,023062
1242,240,024682
1242,359,007195
1242,296,000352
1242,418,024682
1242,237,022817
1242,636,023062
1242,600,021988
1242,664,013514
1242,238,022817
1242,888,017264
1242,900,017577
1242,108,026280
1242,236,003123
1242,237,023084
1242,238,023084
1242,888,017265
1242,896,017348
1242,900,017348
1242,963,025717
1242,500,026208
1242,510,026208
1242,236,003124
1242,237,022900
1242,636,012646
1242,664,013517
1242,684,012646
1242,238,022900
1242,726,025738
1242,900,026208
1242,252,004009
1242,234,003086
1242,237,003172
1242,612,018463
1242,872,017057
1242,932,018463
1242,266,004253
1242,963,024948
1242,230,022678
1242,490,004253
1242,512,021440
1242,535,024948
1242,237,003168
1242,600,004253
1242,664,013520
1242,239,003243
1242,900,024948
1242,220,002684
1242,240,003315
1242,352,006839
1242,448,022240
1242,535,022240
1242,633,006839
1242,240,003382
1242,320,006369
1242,236,022260
1242,664,013523
1242,684,013811
1242,168,001149
1242,684,013812
1242,168,022926
1242,359,007200
1242,612,012028
1242,180,022592.20
1242,180,022592
1242,220,002685
1242,380,024356.5
1242,380,024356
1242,510,023751.7
1242,510,023751
1242,237,024477
1242,736,014697
1242,908,025423
1242,912,026172
1242,970,019299
1242,604,011871
1242,320,006371
1242,352,006852
1242,418,023400
1242,420,023400
1242,504,023884
1242,600,011667
1242,664,013528
1242,778,023884
1242,932,011667
1242,272,024992
1242,120,023659
1242,718,014384
1242,736,014699
1242,636,012647
1242,664,013531
1242,684,012647
1242,888,023569
1242,604,005216
1242,185,005459
1242,864,021543
1242,292,005216
1242,360,021543
1242,416,021543
1242,236,022576
1242,692,025068
1242,104,000123
1242,604,011874
1242,228,009086
1242,266,021229
1242,320,021229
1242,963,026167
1242,448,009086
1242,535,026049
1242,600,021229
1242,664,013534
1242,692,024996
1242,778,026167
1242,194,026115
1242,320,006375
1242,692,025076
1242,140,022519
1242,156,022519
1242,380,022519
1242,390,007580
1242,963,022519
1242,664,013537
1242,692,024998
1242,168,024130
1242,352,006865
1242,963,017052
1242,551,017052
1242,728,026264
1242,872,017052
1242,320,012031
1242,425,011289
1242,612,012031
1242,664,013541
1242,220,002686
1242,228,025093
1242,240,003390
1242,390,007583
1242,525,023265
1242,525,023265.33
1242,525,023265.14
1242,535,025093
1242,544,026071
1242,120,000611
1242,612,012032
1242,664,013543
1242,736,014705
1242,900,025093
1242,640,022652
1242,691,024007
1242,296,005620
1242,236,023618
1242,664,026067
1242,896,017352
1242,900,017582
1242,896,022581
1242,185,026437
1242,250,026437
1242,600,011670
1242,535,021971
1242,600,026526
1242,900,026092
1242,240,003322
1242,320,006334
1242,360,024922
1242,233,003048
1242,235,003048
1242,512,021435
1242,912,024922
1242,168,001154
1242,691,024009
1242,612,012037
1242,912,022868
1242,912,022868.14
1242,691,024056
1242,320,006380
1242,664,013544
1242,168,001155.209
1242,168,001155.211
1242,168,001155.165
1242,168,001155.212
1242,168,001155.208
1242,168,001155.167
1242,168,001155.200
1242,168,001155
1242,636,012652
1242,664,013545
1242,754,015635
1242,963,019223.12
1242,963,019223.13
1242,963,019223
1242,512,021436
1242,820,016401
1242,140,000741
1242,140,000741.82
1242,140,000741.76
1242,220,002687
1242,250,003839
1242,296,005625
1242,310,024242
1242,355,024062
1242,396,026509
1242,231,021587
1242,490,024313
1242,235,026367
1242,508,010582.16
1242,508,010582
1242,508,010582.15
1242,512,025339
1242,535,021869.29
1242,535,021869
1242,120,022914
1242,192,022998
1242,186,026015
1242,210,023644
1242,240,025566
1242,741,015130
1242,359,007202
1242,396,017818
1242,231,023327
1242,636,012654
1242,238,003204
1242,726,026327
1242,810,023644
1242,888,021392
1242,908,017818
1242,932,025602
1242,942,025168
1242,168,001158
1242,640,012760
1242,238,025092
1242,691,024010
1242,320,006385
1242,352,006890
1242,352,006890.13
1242,896,017355
1242,168,021519
1242,691,024008
1242,250,003842
1242,272,004900
1242,320,023622
1242,208,001981
1242,247,023657
1242,296,024198
1242,396,001981
1242,156,000946
1242,352,006931.25
1242,352,006931
1242,636,022787
1242,820,016431
1242,186,026213
1242,352,006934
1242,352,006934.37
1242,156,000948
1242,168,021650
1242,296,022932
1242,208,001982
1242,360,009288
1242,396,001982
1242,416,009288
1242,448,009288
1242,520,025095
1242,237,003171
1242,778,015968.50
1242,778,015968
1242,820,016444
1242,194,026117
1242,912,018349
1242,970,001982
1242,112,023573
1242,296,025347
1242,352,006913.36
1242,352,006913
1242,544,025394
1242,636,012656
1242,660,013064
1242,728,024823
1242,778,024826
1242,932,024336
1242,184,024200.1
1242,184,024200
1242,207,006391
1242,741,023093
1242,320,006391
1242,352,024200.1
1242,352,024200
1242,636,012657
1242,612,012657
1242,896,017360
1242,168,024315
1242,272,004876
1242,512,024629
1242,728,025064
1242,778,024655
1242,230,002907
1242,544,026057
1242,942,018825
1242,942,018825.2
1242,184,024033
1242,188,026284
1242,250,021548
1242,271,024510
1242,352,024033
1242,230,024510
1242,636,012660
1242,194,023729
1242,168,001164
1242,250,003904
1242,320,006395
1242,412,008128
1242,194,023691
1242,168,024543
1242,250,003903
1242,400,007829
1242,412,024515
1242,600,025252
1242,660,013065
1242,180,001444
1242,347,022698
1242,912,018352.82
1242,912,018352
1242,912,018352.35
1242,347,022699
1242,346,006606
1242,230,002911
1242,612,012055
1242,168,024103
1242,168,024103.1
1242,220,002688
1242,247,026338
1242,315,024565
1242,412,021365
1242,544,026177
1242,636,023736
1242,192,001619
1242,692,013931
1242,778,015954
1242,888,017284
1242,912,018354
1242,230,002913
1242,612,025573
1242,728,026178
1242,612,026513
1242,942,018831
1242,185,022045
1242,112,000523
1242,535,026191
1242,194,020052
1242,856,022045
1242,108,000364
1242,296,000364
1242,230,002915
1242,612,026552
1242,186,025145
1242,186,025145.10
1242,112,000503
1242,864,017590
1242,266,011675
1242,296,021413
1242,512,021437
1242,512,021437.49
1242,512,021437.48
1242,600,011675
1242,612,000503
1242,672,013720
1242,194,020054
1242,872,023081
1242,900,017590
1242,932,011675
1242,168,001166
1242,741,023912
1242,194,020055
1242,271,004639
1242,228,024993
1242,272,004888
1242,490,026298
1242,742,004888
1242,912,024993
1242,272,004889
1242,418,008431
1242,742,004889
1242,912,025166
1242,932,023894.21
1242,932,023894
1242,252,024106
1242,550,011318
1242,206,001919
1242,206,001920
1242,742,025722
1242,207,021184
1242,220,023065
1242,240,023095
1242,320,020121
1242,346,019508
1242,418,023134
1242,490,021180
1242,612,020117
1242,684,019522
1242,156,000960.100
1242,156,000960.87
1242,156,000960
1242,691,013934.19
1242,691,013934.17
1242,691,013934.18
1242,691,013934
1242,691,013934.3
1242,355,026503
1242,912,025325
1242,240,003419
1242,320,006399
1242,612,012061
1242,612,012062
1242,240,003422
1242,272,004894
1242,900,017594.78
1242,900,017594.65
1242,900,017594.80
1242,900,017594.84
1242,900,017594
1242,900,017594.37
1242,900,017594.81
1242,240,021626
1242,660,013069.135
1242,660,013069.138
1242,660,013069.139
1242,660,013069
1242,660,013069.134
1242,240,003424
1242,208,025045
1242,348,006714
1242,660,013071
1242,664,013549
1242,754,015642
1242,766,026040
1242,908,021941
1242,180,001452
1242,180,001452.21
1242,240,003425
1242,934,018535
1242,310,006015
1242,310,006015.21
1242,448,009317.110
1242,448,009317.108
1242,448,009317
1242,544,024621
1242,694,023367
1242,745,025129
1242,194,001729
1242,970,022013
1242,102,026180
1242,200,001836
1242,207,012240
1242,247,010443.81
1242,247,010443
1242,934,018536
1242,359,007206.168
1242,359,007206.169
1242,359,007206
1242,310,026187
1242,315,025873
1242,230,002918.70
1242,230,002918.75
1242,230,002918
1242,480,012240
1242,742,004902
1242,544,026056
1242,621,012240
1242,664,013550
1242,754,012240
1242,820,023535.16
1242,820,023535
1242,194,001730
1242,938,018599
1242,942,024525
1242,266,024956
1242,272,024956
1242,305,005888
1242,305,005888.5
1242,360,016241
1242,810,016241
1242,252,004017
1242,934,018538
1242,736,014717.3
1242,736,014717
1242,310,006016
1242,664,013552
1242,820,024912.1
1242,820,024912
1242,194,001731
1242,168,001171
1242,266,024047
1242,272,004906
1242,315,006157.39
1242,315,006157.13
1242,315,006157
1242,315,006157.24
1242,320,024047
1242,346,006608
1242,194,004906
1242,186,025146.6
1242,186,025146
1242,200,001838
1242,272,024300
1242,664,013553
1242,168,001224
1242,200,001839
1242,352,006792
1242,448,009578
1242,456,009578
1242,452,009578
1242,820,023919
1242,112,022100
1242,664,013554
1242,200,001840
1242,207,022785
1242,416,008307
1242,490,010264
1242,544,025251
1242,612,010264
1242,621,026020
1242,694,001840
1242,703,014191
1242,207,023556
1242,272,024808
1242,416,026125
1242,664,013555
1242,168,001174
1242,320,006402
1242,490,012065
1242,612,012065
1242,703,014193
1242,944,025539
1242,664,013556
1242,703,014194
1242,168,001175
1242,266,004270
1242,600,004270
1242,240,024814
1242,352,006823
1242,360,007682
1242,380,013078
1242,396,007682
1242,524,010924
1242,660,013078
1242,664,013557
1242,194,025229
1242,168,001176
1242,352,006811
1242,230,002920
1242,742,024169
1242,207,022756
1242,230,021250
1242,490,023463
1242,664,013558
1242,703,014198
1242,448,021533
1242,510,021533
1242,691,013936
1242,664,013559
1242,266,004271
1242,412,024994
1242,490,021181
1242,826,024812
1242,168,001142
1242,296,005661
1242,346,006615
1242,490,025993
1242,742,015316
1242,600,011682
1242,664,013560
1242,718,014400
1242,724,014400
1242,168,001180
1242,640,012775
1242,205,024393
1242,250,023651
1242,380,023651
1242,963,019233
1242,412,024393
1242,550,011323
1242,600,011683
1242,820,019233
1242,963,026064
1242,742,015317
1242,664,013561
1242,692,015317
1242,745,015490
1242,820,019339
1242,896,021212
1242,970,019339
1242,168,001181
1242,266,024408
1242,320,024408
1242,346,025647
1242,490,024408
1242,106,000284
1242,266,004272
1242,320,013817
1242,490,004272
1242,742,024195
1242,600,004272
1242,664,013562
1242,684,013817
1242,694,024195
1242,703,023545
1242,754,013817
1242,932,004272
1242,108,000356
1242,168,001183
1242,296,000356
1242,192,001631
1242,728,014546
1242,820,023833
1242,412,025214
1242,742,024127
1242,192,001632
1242,664,013563
1242,745,015491
1242,359,007211
1242,320,006411
1242,620,019083
1242,684,006411
1242,703,019083
1242,612,026050
1242,228,022623
1242,228,022623.27
1242,240,003448
1242,296,025655
1242,418,003448
1242,636,012677
1242,239,026304
1242,241,025655
1242,664,013565
1242,754,015649
1242,168,001188
1242,266,006414
1242,320,006414
1242,360,023328
1242,390,007597
1242,416,023328
1242,520,023328
1242,120,021818
1242,612,006414
1242,664,013566
1242,944,023328
1242,185,025572
1242,185,025572.1
1242,864,016817
1242,266,006415
1242,315,024154
1242,320,006415
1242,352,024071
1242,352,024071.5
1242,352,024071.9
1242,360,024071
1242,360,024071.5
1242,360,024071.9
1242,963,020115
1242,963,020115.41
1242,963,020115.28
1242,664,013568
1242,900,016817
1242,168,001191
1242,272,026214
1242,452,025349
1242,736,025349
1242,207,023846
1242,292,005223
1242,233,026074
1242,390,023363
1242,963,024136
1242,230,002922
1242,504,024136
1242,600,025408
1242,612,012072
1242,621,023846
1242,664,013569
1242,900,017603
1242,168,001192
1242,320,006418
1242,684,013822
1242,266,004277
1242,963,019217
1242,418,025067
1242,420,025067
1242,456,019217
1242,664,026345
1242,266,004278
1242,266,006422
1242,320,006422
1242,425,018069
1242,612,006422
1242,664,026390
1242,745,015494
1242,220,002696
1242,266,004280
1242,315,006169
1242,346,012075
1242,355,019350
1242,612,012075
1242,664,013573
1242,718,014404
1242,970,019350
1242,210,018472
1242,315,006170
1242,600,011685
1242,660,013089
1242,736,014735
1242,736,014735.2
1242,745,015496
1242,932,018472
1242,168,001196
1242,266,025893
1242,305,025919
1242,310,025919
1242,315,023620
1242,320,022814
1242,346,006619
1242,600,011686
1242,664,013576
1242,718,014406
1242,660,013091
1242,168,001197
1242,210,022665
1242,266,026531
1242,272,026439
1242,412,021709
1242,452,021692
1242,754,015651
1242,168,001198
1242,272,026440
1242,220,022759
1242,224,002778
1242,240,003401
1242,347,013824
1242,346,013824
1242,742,025193
1242,664,013583
1242,168,023646.20
1242,168,023646
1242,296,005669
1242,320,006430
1242,396,019085
1242,810,005669
1242,826,005669
1242,938,019085
1242,490,010276
1242,612,012080
1242,736,014740
1242,820,010276
1242,207,022898
1242,272,004933
1242,396,007685
1242,520,010867
1242,636,026519
1242,660,022340
1242,694,025745
1242,728,014547
1242,944,025386
1242,200,001864
1242,210,022974
1242,934,018542
1242,320,021682
1242,390,024485
1242,396,024252
1242,420,008572
1242,600,011687
1242,736,014743
1242,754,015654
1242,810,022974
1242,250,023048
1242,266,004284
1242,320,004284
1242,660,013102
1242,728,024093
1242,168,001201
1242,320,006434
1242,220,022697
1242,271,024415
1242,320,006435
1242,490,010278
1242,742,025272
1242,728,014548
1242,736,014747
1242,970,019357
1242,240,007356
1242,360,007356
1242,520,007356
1242,660,021815
1242,420,020103
1242,660,013105
1242,660,013106
1242,718,014408
1242,266,021402
1242,352,006903
1242,352,006903.30
1242,352,006903.31
1242,703,014200
1242,741,015143.92
1242,741,015143
1242,310,006031
1242,315,025945
1242,963,006031
1242,520,010860
1242,120,000628
1242,660,013109
1242,703,014202
1242,728,025794
1242,736,014753
1242,736,014753.4
1242,888,023700
1242,888,023700.1
1242,224,002780
1242,266,025914
1242,271,004647
1242,320,025914
1242,396,019151
1242,512,010763
1242,612,012085
1242,942,018865
1242,220,002702.38
1242,220,002702.42
1242,220,002702
1242,220,002702.1
1242,220,002702.45
1242,220,002702.50
1242,220,002702.48
1242,220,002702.49
1242,224,002781
1242,271,004648
1242,660,013111
1242,736,014754
1242,736,014754.9
1242,736,014754.10
1242,224,002782
1242,512,010761
1242,520,023209
1242,524,010931
1242,633,010931
1242,726,025966
1242,224,002783
1242,266,004287
1242,271,022241
1242,512,009791
1242,168,024132
1242,224,002784
1242,412,012161
1242,612,012088
1242,616,012161
1242,660,013113
1242,684,012088
1242,742,025176
1242,220,002705
1242,271,024440
1242,412,023972
1242,612,002705
1242,660,013114
1242,347,022700
1242,742,004872
1242,660,013115
1242,347,022701
1242,612,012091
1242,621,012246
1242,660,013116
1242,684,012246
1242,156,006035
1242,247,023497
1242,296,025570
1242,310,006035
1242,412,021366
1242,660,013117
1242,970,019362
1242,240,003479
1242,266,026032
1242,396,007686
1242,412,021367
1242,476,007686
1242,550,011331
1242,932,007686
1242,240,025505
1242,412,021368
1242,416,008345
1242,660,013119
1242,640,024691
1242,207,012238
1242,412,021511
1242,612,012095
1242,621,012238
1242,240,003482
1242,416,024395
1242,660,013121
1242,168,025052
1242,180,001472.8
1242,180,001472
1242,208,002008.30
1242,208,002008
1242,270,026111
1242,310,024750
1242,315,025875
1242,416,008275
1242,672,013722
1242,168,001206
1242,210,021653
1242,240,003484
1242,266,021653
1242,416,024613
1242,660,013123
1242,250,023631
1242,266,004289
1242,396,024624
1242,623,023642
1242,660,013124
1242,240,021461
1242,660,013125
1242,240,003487
1242,416,008353
1242,296,023357
1242,621,026219
1242,412,026294
1242,400,007854
1242,692,013943
1242,692,013943.91
1242,766,023927
1242,944,018958
1242,944,018958.71
1242,944,018958.72
1242,944,018958.70
1242,944,018958.73
1242,230,023953
1242,230,023953.8
1242,418,019542
1242,420,019542
1242,310,006039
1242,418,021813
1242,420,021813
1242,220,002706
1242,346,006638
1242,396,022679
1242,736,014759
1242,180,001476
1242,180,001476.52
1242,305,023078
1242,360,007359.15
1242,360,007359.3
1242,360,007359.14
1242,360,007359
1242,360,007359.12
1242,360,007359.8
1242,360,007359.13
1242,448,009377.313
1242,448,009377
1242,448,009377.16
1242,448,009377.234
1242,448,009377.312
1242,448,009377.249
1242,448,009377.280
1242,448,009377.149
1242,448,009377.235
1242,448,009377.66
1242,742,015331
1242,694,014065
1242,856,021565
1242,200,001848
1242,207,001930
1242,207,001930.83
1242,207,001930.80
1242,247,009817
1242,271,004653
1242,270,025248
1242,229,026198
1242,359,007221
1242,310,026460
1242,320,006447
1242,320,006447.29
1242,320,006447.27
1242,346,006628
1242,346,006628.16
1242,230,002927
1242,496,023279.33
1242,496,023279
1242,504,010524.35
1242,504,010524.34
1242,504,010524
1242,512,024206
1242,544,011169
1242,612,012097.77
1242,612,012097.42
1242,612,012097.76
1242,612,012097.68
1242,612,012097
1242,750,015563
1242,778,016035.48
1242,778,016035
1242,820,016392.178
1242,820,016392.176
1242,820,016392.179
1242,820,016392
1242,820,016392.177
1242,820,016392.161
1242,820,016392.162
1242,820,016392.133
1242,820,016392.170
1242,932,024335
1242,207,025916
1242,207,025916.10
1242,207,025916.2
1242,390,022978
1242,504,010525.33
1242,504,010525
1242,544,024476
1242,232,003001
1242,271,004655
1242,504,010526
1242,504,010526.18
1242,504,010526.19
1242,544,011205
1242,820,025796
1242,970,022288
1242,250,024494
1242,346,006630
1242,194,025584
1242,896,017370
1242,932,025309
1242,896,017371
1242,820,016427
1242,168,001208
1242,224,002795
1242,250,023653
1242,250,023653.17
1242,490,022205
1242,726,022205
1242,200,023332
1242,758,023332
1242,210,023332
1242,250,023024.8
1242,250,023024
1242,600,023332
1242,932,018477
1242,604,011895
1242,640,012792
1242,320,024792
1242,348,026288
1242,420,021352
1242,520,010870
1242,236,003127
1242,681,013764
1242,682,013764
1242,728,024699
1242,750,023448
1242,820,016454
1242,932,018478
1242,266,024716
1242,348,021379
1242,544,024716
1242,728,023777
1242,239,003251
1242,932,026262
1242,944,023822
1242,168,001209
1242,200,008149
1242,348,021257
1242,412,008149
1242,236,003129
1242,192,008149
1242,726,025967
1242,250,003889
1242,250,003889.85
1242,266,024742
1242,348,021258
1242,360,026366
1242,544,024742
1242,932,026234
1242,168,001210
1242,250,003890
1242,348,025351
1242,207,021996
1242,250,003891
1242,315,025876
1242,544,025194
1242,612,021996
1242,348,025352
1242,544,022795
1242,250,010770
1242,864,016824
1242,348,021372
1242,512,010770
1242,120,010770
1242,750,023449
1242,900,016824
1242,944,016824
1242,240,003505
1242,240,003505.33
1242,490,026017
1242,207,022127
1242,240,003507.19
1242,240,003507
1242,348,025350
1242,621,022127
1242,724,022127
1242,754,022127
1242,832,022127
1242,232,003006
1242,270,004581.90
1242,270,004581
1242,270,004581.86
1242,270,004581.18
1242,270,004581.89
1242,272,011186
1242,359,025507
1242,348,025530
1242,504,022522.32
1242,504,022522.33
1242,504,022522
1242,512,010772
1242,544,011186
1242,750,015571
1242,232,003007
1242,200,001855
1242,208,001855
1242,315,024319
1242,348,025531
1242,742,025698
1242,600,023409
1242,820,023901.55
1242,820,023901.56
1242,820,023901.7
1242,820,023901.9
1242,820,023901
1242,820,023901.45
1242,820,023901.34
1242,820,023901.41
1242,820,023901.17
1242,820,023901.19
1242,820,023901.30
1242,820,023901.21
1242,820,023901.12
1242,820,023901.57
1242,820,023901.11
1242,820,023901.39
1242,820,023901.13
1242,820,023901.2
1242,820,023901.15
1242,820,023901.48
1242,820,023901.14
1242,820,023901.3
1242,820,023901.8
1242,820,023901.10
1242,820,023901.54
1242,820,023901.1
1242,820,023901.5
1242,908,017827
1242,168,001211
1242,224,002798
1242,359,007228
1242,512,024995
1242,544,011187
1242,908,017828
1242,348,022778
1242,600,011698
1242,718,014412
1242,168,001212
1242,224,002800
1242,742,025668
1242,660,013143
1242,900,017632
1242,217,026033
1242,424,021205.7
1242,424,021205
1242,120,023512
1242,623,012305
1242,362,007431
1242,700,007431
1242,718,007431
1242,724,007431
1242,728,014570
1242,754,015662
1242,810,007431
1242,604,021703
1242,359,024984
1242,192,026488
1242,694,021703
1242,271,004656
1242,348,023136
1242,418,008583
1242,420,008583
1242,600,022324
1242,745,015497
1242,106,009388
1242,448,009388
1242,236,022640
1242,728,024910
1242,932,024364
1242,932,024364.1
1242,168,023413
1242,240,003519
1242,240,003519.27
1242,660,026133
1242,681,022532
1242,682,022532
1242,232,003010
1242,185,018154.19
1242,185,018154.25
1242,185,018154
1242,640,012796
1242,864,017641
1242,726,025306
1242,750,015575
1242,194,001754
1242,900,017641
1242,912,018379.16
1242,912,018379
1242,938,018604
1242,185,005494
1242,200,008161
1242,412,008161
1242,510,023754
1242,510,023754.7
1242,694,014077
1242,168,001213
1242,490,011701
1242,495,025727
1242,544,023475
1242,236,025727
1242,600,011701
1242,623,021892
1242,660,026066
1242,238,011701
1242,932,011701
1242,938,018606
1242,185,026363
1242,623,021924
1242,938,018608
1242,108,000383
1242,233,003057
1242,544,011229
1242,745,015498
1242,108,000384
1242,168,021518
1242,224,021209
1242,348,025699
1242,640,012797
1242,266,004292.45
1242,266,004292
1242,728,021879
1242,938,018610
1242,266,024923.16
1242,266,024923
1242,544,022796
1242,232,026130
1242,266,004293
1242,963,019240
1242,544,011193
1242,544,011193.39
1242,120,000635
1242,695,024715
1242,700,001649
1242,750,023450
1242,766,001649
1242,239,025324
1242,241,003669
1242,896,017382
1242,210,018481
1242,224,002806
1242,359,025557
1242,694,025733
1242,745,015501
1242,932,018481
1242,168,001214
1242,266,022011
1242,359,022894
1242,315,025778
1242,348,023605
1242,745,015502
1242,938,018611
1242,168,001215
1242,544,011196
1242,896,017385
1242,938,018612
1242,200,024697
1242,864,017658
1242,233,023611
1242,490,024327
1242,535,011197
1242,544,011197
1242,694,024697
1242,726,021708
1242,241,024468
1242,900,017658
1242,938,018613
1242,944,017658
1242,544,022170
1242,896,017387
1242,938,018614
1242,938,018615
1242,240,003538
1242,240,003538.19
1242,490,026444
1242,242,003679
1242,233,003065
1242,424,008786
1242,230,022680
1242,742,025670
1242,694,023964
1242,728,021411
1242,750,023410
1242,810,016258.90
1242,810,016258.91
1242,810,016258
1242,241,022818
1242,242,003680
1242,208,002020
1242,352,025211.2
1242,352,025211
1242,360,002020
1242,396,002020
1242,512,025582
1242,742,025724
1242,621,024878
1242,682,024878
1242,695,025780
1242,970,002020
1242,242,003681
1242,224,024283
1242,864,017666
1242,742,025695
1242,900,017666
1242,242,003682
1242,728,024094
1242,742,025674
1242,544,011200
1242,242,024695
1242,270,024909
1242,544,022169
1242,694,026195
1242,728,014575
1242,241,023273
1242,231,025327
1242,271,004658
1242,742,025679
1242,512,010778
1242,640,012804
1242,220,002709
1242,272,004979
1242,348,023796
1242,396,024253
1242,503,023397
1242,682,023384
1242,703,014205
1242,970,024253
1242,224,002812
1242,239,024663
1242,942,023568
1242,272,004982
1242,230,022132
1242,224,002815
1242,296,025376
1242,230,002931
1242,621,012252
1242,745,022949
1242,200,002816
1242,224,002816
1242,271,004659
1242,621,012253
1242,621,012254
1242,623,019514
1242,156,022604
1242,224,023675
1242,520,010877
1242,544,023942
1242,623,019515
1242,512,010765
1242,623,019516
1242,104,024159
1242,207,025895
1242,217,025895
1242,742,025681
1242,623,012307
1242,694,023968
1242,728,014590
1242,104,024579
1242,106,000308
1242,106,000308.36
1242,106,000308.31
1242,621,012237.42
1242,621,012237
1242,185,005503
1242,106,000310
1242,742,025696
1242,623,012311
1242,726,026012
1242,758,015730
1242,758,015730.18
1242,224,002847
1242,271,004660
1242,272,004989.477
1242,272,004989
1242,310,023119
1242,416,008370
1242,416,008370.39
1242,623,012312.55
1242,623,012312.57
1242,623,012312.43
1242,623,012312.27
1242,623,012312.42
1242,623,012312.38
1242,623,012312.5
1242,623,012312
1242,700,014163
1242,700,014163.16
1242,703,014206.2
1242,703,014206.13
1242,703,014206
1242,938,018616.29
1242,938,018616.23
1242,938,018616.28
1242,938,018616.17
1242,938,018616.12
1242,938,018616.11
1242,938,018616.14
1242,938,018616
1242,424,022571
1242,424,022571.27
1242,512,010766.63
1242,512,010766.62
1242,512,010766
1242,745,015489
1242,106,000315
1242,963,000315
1242,620,012209
1242,620,012209.26
1242,620,012209.24
1242,682,024870
1242,728,023147
1242,348,026081
1242,623,019517
1242,900,023505
1242,240,003562.25
1242,240,003562
1242,621,022879
1242,623,019518
1242,932,024371.22
1242,932,024371
1242,352,024203
1242,448,009426
1242,230,002932
1242,106,000318
1242,108,000387
1242,132,000694
1242,604,011900
1242,156,000990
1242,180,001487
1242,185,005504
1242,188,001564
1242,640,012808
1242,200,001874
1242,205,022526
1242,208,002023
1242,224,002817
1242,244,003751
1242,250,003914
1242,252,004028
1242,864,016841
1242,266,004294
1242,292,005225
1242,296,005713
1242,352,006943
1242,355,007129
1242,390,007620
1242,396,007716
1242,400,007919
1242,963,022600
1242,412,008165
1242,416,008373
1242,420,008600
1242,424,008792
1242,448,009427
1242,456,009756
1242,476,009955
1242,480,023876
1242,494,025003
1242,504,023667
1242,508,010614
1242,512,010785
1242,520,010881
1242,524,010934
1242,525,023089
1242,535,021861
1242,120,000633
1242,550,011347
1242,192,001653
1242,650,012885
1242,692,013958
1242,703,019097
1242,736,014761
1242,754,015664
1242,766,015814
1242,820,016481
1242,856,016773
1242,872,017086
1242,908,017835
1242,932,018484
1242,970,019397
1242,106,000319
1242,108,021130
1242,604,011901
1242,156,000991
1242,180,001488
1242,185,005505
1242,188,001565
1242,640,012809
1242,200,001875
1242,205,022527
1242,208,002024
1242,224,002818
1242,244,003752
1242,252,004029
1242,266,004295
1242,355,021138
1242,396,021140
1242,963,022601
1242,412,021141
1242,448,009428
1242,456,009757
1242,494,025004
1242,508,010615
1242,512,010786
1242,535,021862
1242,120,021131
1242,600,011706
1242,192,001654
1242,650,012886
1242,736,014762
1242,766,021145
1242,778,016029
1242,820,016482
1242,856,016774
1242,908,021147
1242,932,018485
1242,970,019398
1242,424,008794
1242,424,008794.16
1242,778,016030
1242,820,016483
1242,272,004990
1242,359,007242
1242,296,024810.17
1242,296,024810
1242,346,022554
1242,448,009430
1242,230,002933
1242,742,024559
1242,550,026218
1242,194,001768
1242,106,000321
1242,108,000388
1242,604,011902
1242,156,000993
1242,180,001489
1242,185,005507
1242,188,001566
1242,640,012810
1242,200,001876
1242,112,000539
1242,205,022528
1242,208,002025
1242,224,002819
1242,244,003753
1242,250,003916
1242,864,016842
1242,266,004296
1242,296,005716
1242,352,006945
1242,355,007130
1242,396,024568
1242,963,019243
1242,420,008604
1242,448,009431
1242,456,009758
1242,480,023878
1242,504,023669
1242,512,010787
1242,535,021863
1242,620,024343
1242,192,001655
1242,650,012888
1242,694,014083
1242,736,014764
1242,778,016033
1242,820,016485
1242,970,019399
1242,106,000322
1242,156,000994
1242,180,001490
1242,188,001567
1242,640,012811
1242,200,001877
1242,205,022529
1242,208,002026
1242,224,002820
1242,244,003754
1242,250,003917
1242,266,004297
1242,296,005717
1242,352,006946
1242,420,008605
1242,448,009432
1242,456,009759
1242,504,023670
1242,512,010788
1242,524,010937
1242,535,021864
1242,192,001656
1242,754,015667
1242,778,016034
1242,820,016486
1242,970,019400
1242,535,017679
1242,900,017679
1242,296,025831
1242,296,025831.3
1242,352,006948
1242,180,024161
1242,512,010789
1242,156,000996
1242,185,005512
1242,640,012812
1242,208,002028
1242,250,003918
1242,296,005718
1242,420,008606
1242,424,008796
1242,448,009440
1242,456,009761
1242,508,010618
1242,692,013960
1242,778,016037
1242,872,017088
1242,932,018487
1242,970,019401
1242,104,000183
1242,106,000324
1242,108,000390
1242,130,022856
1242,132,000695
1242,146,025336
1242,144,000769
1242,148,000791
1242,604,011904
1242,156,000997
1242,168,001221
1242,176,001279
1242,180,001492
1242,185,005513
1242,188,001568
1242,640,012813
1242,200,001878
1242,112,000541
1242,205,022530
1242,206,022671
1242,758,015731
1242,210,022154
1242,208,002029
1242,217,024113
1242,220,002710
1242,224,002826
1242,228,021208
1242,240,003567
1242,247,021829
1242,244,003756
1242,250,003919
1242,252,004032
1242,864,016845
1242,934,018547
1242,266,004299
1242,271,004665
1242,270,004586
1242,272,004993
1242,292,005227
1242,741,015160
1242,359,007243
1242,296,005719
1242,310,006053
1242,315,006182
1242,320,006453
1242,330,024700
1242,352,006950
1242,348,006719
1242,355,007132
1242,360,007380
1242,370,007441
1242,380,007537
1242,390,007621
1242,396,007717
1242,400,007927
1242,963,019246
1242,412,008166
1242,416,008378
1242,418,008441
1242,420,008607
1242,424,008797
1242,428,008881
1242,448,009441
1242,456,009762
1242,476,009956
1242,230,002934
1242,480,009980
1242,490,010327
1242,504,023215
1242,508,010619
1242,510,010716
1242,512,010791
1242,742,015338
1242,520,010885
1242,524,010939
1242,525,023092
1242,535,021865
1242,120,000634
1242,550,011349
1242,636,012691
1242,600,011710
1242,612,012105
1242,616,012167
1242,452,009600
1242,620,012213
1242,621,012257
1242,623,012315
1242,632,012392
1242,192,001657
1242,362,007435
1242,650,012890
1242,678,023882
1242,676,013725
1242,681,024097
1242,684,013838
1242,692,013961
1242,694,014087
1242,436,008899
1242,700,014164
1242,702,014181
1242,703,014207
1242,704,021167
1242,708,014270
1242,718,014421
1242,724,014482
1242,728,014600
1242,736,014767
1242,750,015586
1242,762,015757
1242,766,015815
1242,778,016038
1242,810,016264
1242,814,016336
1242,820,016493
1242,194,001770
1242,840,016637
1242,856,016777
1242,872,017089
1242,875,023579
1242,888,017302
1242,732,014665
1242,896,017417
1242,908,017837
1242,932,018488
1242,936,018551
1242,938,018617
1242,942,018888
1242,944,018971
1242,970,019402
1242,232,003016
1242,104,024521
1242,160,025287
1242,168,023415
1242,180,021831
1242,188,001569
1242,244,021831
1242,270,025203
1242,296,024079
1242,305,005894
1242,352,006951
1242,233,003058
1242,448,009442
1242,237,003175
1242,682,021689
1242,238,003219
1242,828,026025.1
1242,828,026025
1242,241,003670
1242,900,017683
1242,232,003017
1242,130,022857
1242,180,001493
1242,200,023107
1242,207,021185
1242,758,023107
1242,296,024049
1242,305,005896
1242,310,006055
1242,352,006953
1242,412,008167
1242,448,022196
1242,621,024124
1242,623,012316
1242,664,013622
1242,736,024589.53
1242,736,024589.54
1242,736,024589.52
1242,736,024589.55
1242,736,024589.4
1242,736,024589
1242,754,025065
1242,820,016494
1242,932,018489
1242,232,003018
1242,207,021658
1242,240,023457
1242,266,025894
1242,320,021660
1242,490,021663
1242,612,021665
1242,692,020118
1242,104,024524
1242,104,024524.1
1242,207,025956
1242,252,004025
1242,266,004302
1242,296,005722
1242,346,006642
1242,600,011713
1242,612,006642
1242,623,012317
1242,700,014167
1242,745,018682
1242,820,016496
1242,888,023857
1242,732,025768
1242,200,021887
1242,224,021887
1242,272,004998
1242,296,024051
1242,348,024566
1242,231,002971
1242,620,012202
1242,692,013995
1242,745,018683
1242,820,016497
1242,160,025288
1242,296,024041
1242,236,003134
1242,621,025385
1242,664,013624
1242,708,025385
1242,232,003019
1242,180,024345
1242,180,024345.4
1242,252,004040
1242,296,024052
1242,448,023027.12
1242,448,023027.11
1242,448,023027
1242,544,025061
1242,236,023921
1242,692,023402
1242,820,016500
1242,544,024933
1242,664,013625
1242,754,025179
1242,820,016501
1242,252,022919
1242,296,024042
1242,452,022767
1242,296,005727
1242,315,006160
1242,600,018491
1242,664,013626
1242,692,025880
1242,754,025180
1242,810,024028
1242,820,025910
1242,932,018491
1242,232,003022
1242,130,022859
1242,160,025289
1242,207,012260
1242,217,025711
1242,220,002713
1242,305,023709
1242,412,025711
1242,520,010886
1242,237,003177
1242,621,012260
1242,623,026211
1242,694,024724
1242,436,025259
1242,695,025783
1242,828,025866
1242,239,003257
1242,194,023033
1242,938,026246
1242,604,026510
1242,296,005729
1242,315,006192.53
1242,315,006192.128
1242,315,006192
1242,315,006192.121
1242,315,006192.143
1242,315,006192.147
1242,315,006192.149
1242,315,006192.158
1242,370,022427
1242,390,026510
1242,528,010968
1242,664,013627
1242,692,025556
1242,694,024745
1242,754,015669
1242,820,016503.47
1242,820,016503.69
1242,820,016503
1242,828,025867
1242,732,014666
1242,896,017422
1242,938,026247
1242,272,023987
1242,296,005730
1242,348,024561
1242,544,011206
1242,692,025514
1242,695,025789
1242,810,023982
1242,814,024114
1242,828,025868
1242,896,017423
1242,224,002829
1242,413,012172
1242,664,013628
1242,814,024115
1242,828,025869
1242,224,002830
1242,266,022940
1242,528,010971
1242,600,022940
1242,623,026225
1242,814,024116
1242,828,025870
1242,938,026260
1242,160,025290
1242,180,024350.4
1242,180,024350
1242,207,026378
1242,272,005007
1242,296,005733
1242,305,005899
1242,237,003178
1242,612,026378
1242,664,013629
1242,692,025601
1242,694,024746
1242,239,003259
1242,623,026248
1242,240,023740
1242,320,006463
1242,360,023740
1242,664,013630
1242,750,023503
1242,944,023740
1242,200,025504
1242,266,004309
1242,270,021841
1242,272,021841
1242,305,021841
1242,310,021841
1242,315,021841
1242,490,004309
1242,600,011789
1242,664,013631
1242,194,021841
1242,108,025005
1242,130,022860
1242,160,025291
1242,272,004030
1242,315,006197
1242,233,003061
1242,963,019247
1242,963,019247.12
1242,963,019247.6
1242,231,025321
1242,456,009763
1242,520,010887
1242,120,021622
1242,692,025739
1242,239,003260
1242,944,003260
1242,200,025521
1242,224,002797
1242,296,025713
1242,742,015340
1242,600,011729
1242,664,013632
1242,694,024747
1242,754,015672
1242,810,024825
1242,896,018975
1242,944,018975
1242,232,003024
1242,108,025170
1242,168,001226
1242,240,024351
1242,236,003137
1242,237,022827
1242,692,023405
1242,695,025784
1242,238,022827
1242,108,025171
1242,266,010334
1242,490,010334
1242,692,025731
1242,232,003026
1242,108,025172
1242,130,023598
1242,132,023598
1242,864,017686
1242,320,015674
1242,360,023598
1242,684,015674
1242,754,015674
1242,900,017686
1242,160,025292
1242,296,025755
1242,305,005901
1242,315,006203
1242,424,008815
1242,230,006203
1242,528,010976
1242,237,003180
1242,664,013634
1242,692,025652
1242,695,025791
1242,168,001227
1242,266,004313
1242,272,005011
1242,490,004313
1242,528,010977
1242,237,020113
1242,600,004313
1242,692,023758
1242,694,026010
1242,238,020113
1242,932,004313
1242,210,026435
1242,664,022343
1242,932,026435
1242,236,003143
1242,237,025512
1242,692,023760
1242,695,025853
1242,238,025512
1242,810,025122
1242,908,017839
1242,908,017839.19
1242,200,001885
1242,200,001885.25
1242,200,001885.19
1242,200,001885.20
1242,200,001885.13
1242,200,001885.12
1242,452,026122
1242,750,015583
1242,160,025973
1242,188,001575
1242,864,017690
1242,270,023800
1242,320,006475
1242,233,025832
1242,231,025337
1242,237,025062
1242,692,025653
1242,194,023800
1242,900,017690
1242,908,025605
1242,108,000397
1242,348,026016
1242,413,012175
1242,528,010979
1242,192,001667
1242,664,013637
1242,754,015677
1242,664,013638
1242,194,025406
1242,240,003584
1242,418,003584
1242,600,011797
1242,664,013639
1242,820,016516
1242,932,011797
1242,448,011210
1242,544,011210
1242,236,022641
1242,695,026561
1242,160,025293
1242,220,002720
1242,622,022534
1242,664,013640
1242,754,015680
1242,194,023431
1242,168,001228
1242,296,005747
1242,305,005903
1242,528,010985
1242,352,006978
1242,352,006978.6
1242,963,006978
1242,963,006978.6
1242,413,012177
1242,664,026344
1242,413,021843
1242,236,025744
1242,724,025401
1242,750,015584
1242,160,025294
1242,315,006209
1242,320,006485
1242,233,003063
1242,231,025322
1242,528,010987
1242,620,012219
1242,664,025854
1242,728,014610
1242,296,005749
1242,413,023843
1242,528,010988
1242,236,023619
1242,600,011742
1242,452,025728
1242,692,023406
1242,728,014611
1242,896,022544
1242,938,018620
1242,247,025822
1242,528,010989
1242,236,025822
1242,452,025729
1242,664,022344
1242,728,024501
1242,896,017433
1242,944,026502
1242,310,026465
1242,528,010990
1242,728,024502
1242,938,018622
1242,413,021844
1242,528,010991
1242,452,025924
1242,320,006489
1242,320,006490
1242,528,010993
1242,236,025650
1242,600,011747
1242,452,026142
1242,692,014274
1242,728,014274
1242,754,006490
1242,896,014274
1242,108,000407
1242,296,000407
1242,612,012125
1242,664,013650
1242,413,026175
1242,636,012698
1242,938,022165
1242,600,022328
1242,750,015585
1242,160,025296
1242,864,017697
1242,296,005756
1242,305,026080
1242,231,021925
1242,480,026295
1242,503,024857
1242,236,026559
1242,452,025575
1242,810,009984
1242,820,025974
1242,239,003265
1242,900,017697
1242,938,021938
1242,640,025741
1242,305,026079
1242,320,006496
1242,528,010998
1242,544,022276
1242,600,011750
1242,660,013166.13
1242,660,013166
1242,692,013996
1242,238,003220
1242,704,014238
1242,718,025607
1242,754,015687
1242,944,018981
1242,266,006497
1242,320,006497
1242,448,024721
1242,660,022341
1242,238,025089
1242,528,021700
1242,600,011752
1242,238,024294
1242,718,025608
1242,305,026077
1242,900,020125
1242,448,009462
1242,544,023474
1242,704,026210
1242,266,004329
1242,320,004329
1242,636,023739
1242,718,026393
1242,266,022761
1242,424,008822
1242,424,008822.32
1242,636,022066
1242,266,023880
1242,320,023880
1242,347,023880
1242,346,023880
1242,612,023880
1242,718,025610
1242,750,023491
1242,266,004331
1242,315,006216
1242,320,004331
1242,231,025348
1242,237,026487
1242,238,025538
1242,728,014617
1242,239,024834
1242,932,018503
1242,296,005762
1242,108,000410
1242,266,026084
1242,315,006218
1242,718,026563
1242,185,005523
1242,315,024111
1242,230,002943
1242,600,011760
1242,266,004334
1242,728,014583
1242,160,025299
1242,233,003067.34
1242,233,003067.33
1242,233,003067
1242,231,002976.62
1242,231,002976
1242,416,008385
1242,230,024698
1242,236,003148
1242,236,003148.61
1242,237,003183.3
1242,237,003183.51
1242,237,003183
1242,600,011762
1242,239,003267.18
1242,239,003267.53
1242,239,003267
1242,241,003671
1242,241,003671.9
1242,528,023293
1242,612,026514
1242,622,023293
1242,692,023293
1242,718,014428
1242,266,023006
1242,750,023621
1242,232,003030
1242,160,025300
1242,296,025532
1242,600,011765
1242,622,024481
1242,695,025815
1242,726,025950
1242,912,025340
1242,210,026314
1242,266,026314
1242,315,006222
1242,528,021962.12
1242,528,021962
1242,528,021962.16
1242,622,024480
1242,695,025811
1242,932,018507
1242,544,011220
1242,742,015346
1242,236,003149
1242,695,025826
1242,622,024558
1242,210,026183
1242,266,026183
1242,236,026500
1242,622,024662
1242,623,012322
1242,180,024348
1242,180,024348.8
1242,180,024348.7
1242,305,023711
1242,231,026256
1242,416,024660
1242,621,023364
1242,207,025765
1242,320,025765
1242,416,024659
1242,621,025765
1242,180,024349
1242,180,024349.1
1242,180,024349.7
1242,207,024873
1242,310,022314
1242,310,022314.85
1242,231,026249
1242,718,014432
1242,828,022618
1242,220,024187
1242,352,021819
1242,352,021820
1242,828,025276
1242,352,021821
1242,828,025277
1242,160,025976
1242,352,021822
1242,528,024957
1242,692,023634
1242,750,024546
1242,828,023234
1242,828,023122
1242,160,025302
1242,270,023380
1242,272,023380
1242,305,023380
1242,310,023380
1242,315,023380
1242,194,023380
1242,106,000325
1242,160,025303
1242,207,001936
1242,220,002726
1242,240,003612
1242,252,004057
1242,266,004345
1242,272,024861
1242,320,006511
1242,352,021187
1242,346,006662
1242,370,024961
1242,963,024317
1242,231,025371
1242,418,008447
1242,490,010350
1242,636,012706
1242,612,012146
1242,684,013855
1242,828,025308
1242,270,004589
1242,315,024135
1242,820,025941
1242,828,023340
1242,498,025839
1242,828,016302
1242,498,010444
1242,315,006229
1242,352,021839.29
1242,352,021839
1242,352,021839.30
1242,810,020101
1242,810,016289
1242,900,016289
1242,660,013181
1242,232,003035
1242,108,000412
1242,132,000701
1242,604,011908
1242,180,001494
1242,185,005529
1242,112,000543
1242,207,001932
1242,250,003933
1242,252,004059
1242,266,004346
1242,272,024862
1242,292,005230
1242,352,007006
1242,355,007137
1242,233,003069
1242,390,007633
1242,396,007721
1242,400,007973
1242,963,024307
1242,231,002979
1242,416,008389
1242,424,008826
1242,441,009033
1242,476,009960
1242,508,010629
1242,236,003151
1242,660,013182
1242,692,014012
1242,694,014091
1242,238,003230
1242,736,014768
1242,745,021378
1242,754,015692
1242,766,015823
1242,820,016533
1242,826,016582
1242,239,003268
1242,241,003672
1242,872,017091
1242,888,017319
1242,896,024427
1242,908,017841
1242,942,018904
1242,970,019411
1242,180,001495
1242,180,001495.36
1242,217,024148
1242,270,004590
1242,352,006973
1242,448,023819
1242,550,011358
1242,362,007438
1242,778,016041
1242,826,023118
1242,896,017440
1242,106,023516
1242,180,023516
1242,224,002833.4
1242,224,002833
1242,247,024499
1242,247,024499.7
1242,355,007138
1242,498,024774.13
1242,498,024774
1242,512,010802
1242,528,011003
1242,726,026562
1242,754,015693.22
1242,754,015693.23
1242,754,015693
1242,778,023116
1242,217,024149
1242,528,011004
1242,704,024027
1242,912,018410
1242,217,022088
1242,352,006988
1242,636,012709.20
1242,636,012709.25
1242,636,012709
1242,636,012709.14
1242,633,006988
1242,704,022373
1242,217,024150
1242,400,009471
1242,424,009471
1242,448,009471
1242,692,022929
1242,778,009471
1242,900,009471
1242,270,004595
1242,296,005774
1242,352,006999.4
1242,352,006999
1242,448,009472
1242,754,015694.29
1242,754,015694
1242,810,023768
1242,820,016538
1242,820,016539
1242,270,004598
1242,360,007395
1242,826,007395
1242,944,007395
1242,270,004599
1242,305,024305
1242,352,007061
1242,963,025921
1242,622,024701
1242,192,022681
1242,194,001787
1242,132,000702
1242,476,000702
1242,528,011007
1242,622,024702
1242,692,014016
1242,695,024634
1242,247,025186
1242,622,024703
1242,695,024707
1242,778,023686
1242,938,022757
1242,413,012180
1242,622,024744
1242,832,021931
1242,528,011010
1242,498,025044
1242,498,025044.4
1242,498,025044.13
1242,498,025044.5
1242,528,011011
1242,692,022850
1242,896,026009
1242,352,024020
1242,692,022851
1242,896,026027
1242,528,011014
1242,778,016047
1242,272,025524
1242,778,016048
1242,692,024178
1242,400,007981
1242,528,011017
1242,810,022792
1242,194,001789
1242,888,017322
1242,240,003619
1242,400,007982.33
1242,400,007982
1242,508,007982.33
1242,508,007982
1242,512,024547
1242,528,011018
1242,600,011791
1242,660,013186
1242,695,025812
1242,896,017444
1242,305,023771
1242,315,023771
1242,512,010799
1242,528,011020
1242,695,025817
1242,896,011020
1242,272,026506
1242,360,019161
1242,512,019161
1242,120,019161
1242,600,011792
1242,604,024867
1242,270,004600
1242,292,024867
1242,305,005922
1242,352,024019
1242,528,011024
1242,210,023581.27
1242,210,023581.29
1242,210,023581
1242,210,023581.26
1242,692,023762
1242,778,016055
1242,305,023772
1242,315,023772
1242,528,011026
1242,600,011795
1242,826,016587
1242,315,026467
1242,528,011027
1242,692,023590
1242,315,026468
1242,217,022375
1242,272,005043
1242,315,026469
1242,194,025410
1242,754,015696
1242,305,025006
1242,600,011799
1242,932,011799
1242,217,022376
1242,252,004078
1242,252,022418
1242,233,003073
1242,736,014772
1242,736,014772.18
1242,896,023076
1242,896,017503
1242,778,023075
1242,266,024924.29
1242,266,024924.39
1242,266,024924.36
1242,266,024924
1242,266,024924.37
1242,266,024924.35
1242,266,024924.40
1242,778,023223
1242,315,006235
1242,963,026036
1242,503,025837
1242,237,025687.1
1242,237,025687
1242,194,001791
1242,896,023077
1242,217,022378
1242,305,005929
1242,239,026154
1242,224,002836
1242,600,011804
1242,315,006238
1242,252,022345
1242,305,005931
1242,252,022346
1242,692,024179
1242,810,024866
1242,296,005790
1242,810,005790
1242,528,011049
1242,932,018524
1242,252,004062
1242,270,004601
1242,352,018889
1242,233,022332
1242,503,024865
1242,528,011050
1242,352,025244
1242,352,025244.3
1242,600,011806
1242,239,026099
1242,252,004069
1242,528,011052
1242,912,018400
1242,252,022278
1242,778,023142
1242,252,004061
1242,528,011054.89
1242,528,011054.94
1242,528,011054.76
1242,528,011054.25
1242,528,011054.72
1242,528,011054.74
1242,528,011054.81
1242,528,011054.80
1242,528,011054.88
1242,528,011054.73
1242,528,011054.71
1242,528,011054
1242,528,011054.78
1242,528,011054.65
1242,528,011054.92
1242,528,011054.93
1242,528,011054.70
1242,528,011054.49
1242,528,011054.53
1242,528,011054.82
1242,528,011054.85
1242,252,022289
1242,544,011246
1242,544,011246.17
1242,544,011246.32
1242,778,021926
1242,778,016067
1242,352,018912
1242,490,010357
1242,490,010357.18
1242,820,010357
1242,820,010357.18
1242,156,001005
1242,252,004073
1242,270,004603
1242,272,005055
1242,305,005937
1242,528,011058
1242,194,001795
1242,252,022290
1242,266,024833
1242,320,024833
1242,932,024833
1242,528,011060
1242,252,022497
1242,305,024669
1242,305,005940
1242,896,017478
1242,296,005797
1242,778,016590
1242,826,016590
1242,194,024133
1242,200,002846
1242,200,002846.7
1242,224,002846
1242,224,002846.7
1242,230,002954
1242,528,022096
1242,896,017480
1242,778,016079
1242,826,016079
1242,944,016079
1242,604,011909.53
1242,604,011909
1242,180,001507.10
1242,180,001507
1242,112,000544.11
1242,112,000544
1242,864,016860.20
1242,864,016860
1242,292,005231.45
1242,292,005231
1242,305,005941
1242,355,007141.34
1242,355,007141
1242,420,008661
1242,420,008661.176
1242,420,008661.182
1242,420,008661.172
1242,420,008661.27
1242,490,016300
1242,544,011250
1242,544,011250.29
1242,192,001672.28
1242,192,001672.20
1242,192,001672
1242,766,015825.38
1242,766,015825
1242,810,016300
1242,239,026094
1242,896,022546
1242,900,016860.20
1242,900,016860
1242,305,025392
1242,266,004359
1242,266,004359.17
1242,315,022064
1242,230,022064
1242,512,020088
1242,512,020088.52
1242,692,022064
1242,826,016596
1242,896,022064
1242,108,016597
1242,210,024883
1242,360,016597
1242,695,024758
1242,810,016597
1242,826,016597
1242,210,024885
1242,742,019524
1242,305,024382
1242,305,024696
1242,826,023595
1242,207,001937
1242,220,002734
1242,224,014438
1242,240,003631
1242,305,005944
1242,320,006527
1242,346,006671
1242,418,008449
1242,428,008890
1242,490,010360
1242,524,010947
1242,636,012713
1242,612,012153
1242,684,013856
1242,695,024711
1242,194,001799
1242,252,004058
1242,252,022292
1242,252,022293
1242,252,022294
1242,528,011069
1242,528,011070
1242,210,024801
1242,252,022347
1242,266,004366
1242,296,005805
1242,296,005805.25
1242,296,005805.5
1242,296,005805.27
1242,528,011071
1242,192,026401
1242,912,018422
1242,640,012841.2
1242,640,012841
1242,112,000545
1242,224,002850
1242,252,004080.5
1242,252,004080
1242,266,023137
1242,270,004607
1242,292,005232
1242,305,005945
1242,360,007404.115
1242,360,007404.121
1242,360,007404.122
1242,360,007404.120
1242,360,007404
1242,390,007635
1242,742,022731
1242,636,012714
1242,621,012262
1242,682,013788
1242,704,014255
1242,754,015703
1242,778,016089.47
1242,778,016089
1242,888,023863.31
1242,888,023863
1242,888,023863.7
1242,104,000189
1242,200,001894
1242,758,015739
1242,224,002851
1242,271,022737.18
1242,271,022737
1242,271,022737.20
1242,270,004608
1242,296,005806
1242,355,007142.24
1242,355,007142
1242,360,007405
1242,416,008397
1242,416,008397.42
1242,448,009517
1242,512,010808
1242,620,012224
1242,694,001894
1242,700,014178
1242,704,021168
1242,724,014498
1242,814,025258
1242,872,017093.16
1242,872,017093
1242,900,017711
1242,900,017711.35
1242,250,003937
1242,622,024821
1242,632,022579
1242,736,023699
1242,814,025544
1242,875,023022
1242,250,003939
1242,270,023170
1242,296,005808
1242,612,012154
1242,632,022580
1242,250,003941
1242,270,023177
1242,528,011073.30
1242,528,011073
1242,736,025757
1242,778,016091
1242,778,016091.27
1242,250,003942
1242,632,025218
1242,352,007054
1242,632,025632
1242,692,023592
1242,632,025577
1242,168,001243.115
1242,168,001243
1242,168,001243.116
1242,632,024881
1242,156,001015
1242,240,003633
1242,360,026319
1242,632,025578
1242,148,000795
1242,188,001588
1242,200,001903
1242,229,025897
1242,370,007449
1242,480,009990
1242,622,024690
1242,632,012408
1242,676,013734
1242,436,008904
1242,702,014186
1242,708,014277
1242,754,001588
1242,814,016342
1242,832,016628
1242,936,018566
1242,640,012851
1242,208,012851
1242,240,012851
1242,310,006081
1242,330,024815
1242,360,012851
1242,370,025634
1242,420,012851
1242,480,025191
1242,620,025217
1242,660,013194.34
1242,660,013194.35
1242,660,013194
1242,970,012851
1242,272,026364
1242,330,025155
1242,480,025192
1242,622,025819
1242,632,025593
1242,936,025231
1242,944,019024
1242,296,005818
1242,330,025157
1242,882,017146
1242,168,001245
1242,622,026069
1242,676,025197
1242,200,022115
1242,207,022115
1242,210,022115
1242,220,022115
1242,266,022115
1242,412,022115
1242,528,011084
1242,528,011084.24
1242,528,011084.15
1242,528,011084.17
1242,528,011084.25
1242,810,016312
1242,272,005063
1242,272,005063.33
1242,736,014779.11
1242,736,014779
1242,200,024186
1242,360,022273
1242,632,021823
1242,192,024186
1242,810,024244
1242,944,022273
1242,200,024366
1242,210,022499
1242,224,024366
1242,528,011087.23
1242,528,011087.14
1242,528,011087
1242,622,026101
1242,632,022499
1242,820,016554.14
1242,820,016554
1242,148,000797
1242,200,025861
1242,240,003637
1242,229,025898
1242,370,007452
1242,632,012421
1242,678,023778
1242,436,008906
1242,702,014189
1242,708,014279
1242,778,016095
1242,778,016095.27
1242,778,016095.20
1242,840,016642
1242,936,018568
1242,224,002857
1242,359,007245.15
1242,359,007245
1242,347,024201
1242,233,003075
1242,420,008665
1242,420,008665.3
1242,704,014259
1242,736,014780
1242,194,001807
1242,896,022547
1242,936,018569
1242,252,004088
1242,456,009781.19
1242,456,009781
1242,632,012424
1242,678,025627
1242,436,008908
1242,704,025542
1242,814,016349
1242,194,001808
1242,882,017156
1242,896,017489
1242,148,026030
1242,864,017723
1242,320,013863
1242,632,025737
1242,684,013863
1242,704,026146
1242,754,013863
1242,814,016350
1242,882,017158
1242,900,017723
1242,224,002859
1242,704,026334
1242,766,015827
1242,832,016634
1242,840,016647
1242,896,017491
1242,168,001247
1242,370,025592
1242,832,016635
1242,882,017162
1242,900,017725.21
1242,900,017725
1242,944,017725.21
1242,944,017725
1242,315,023922
1242,315,023922.1
1242,544,025906
1242,814,016353
1242,882,017164
1242,270,004613
1242,370,007459
1242,832,025594
1242,882,017166
1242,660,013208
1242,660,013208.5
1242,882,017167
1242,528,011098.3
1242,528,011098.4
1242,528,011098
1242,832,026148
1242,882,017168
1242,240,003639.2
1242,240,003639
1242,882,017169
1242,271,022262
1242,271,022262.1
1242,370,007463
1242,416,008408.43
1242,416,008408
1242,428,008893
1242,632,022429
1242,703,019120
1242,708,014290
1242,814,016358
1242,820,016556.6
1242,820,016556
1242,360,025032
1242,370,007464
1242,694,014095
1242,718,014444
1242,882,017170
1242,200,001677
1242,220,001677
1242,778,026029.1
1242,778,026029
1242,814,025579
1242,882,017171
1242,370,007466
1242,231,024378
1242,632,012436
1242,882,017172
1242,436,025536
1242,814,025635
1242,882,017173
1242,370,007468
1242,436,025545
1242,708,024453
1242,882,017174
1242,882,017175
1242,370,023815
1242,882,022536
1242,370,023959
1242,632,012423
1242,436,025220
1242,708,024379
1242,936,024455
1242,936,018578
1242,148,025567
1242,156,001027
1242,156,001027.42
1242,208,002060.24
1242,208,002060
1242,224,002863
1242,864,017739
1242,305,005950.150
1242,305,005950.149
1242,305,005950.130
1242,305,005950
1242,305,005950.152
1242,305,005950.124
1242,520,010902
1242,528,011112.248
1242,528,011112.236
1242,528,011112.346
1242,528,011112
1242,528,011112.351
1242,528,011112.235
1242,528,011112.232
1242,528,011112.269
1242,528,011112.335
1242,528,011112.360
1242,528,011112.231
1242,528,011112.350
1242,622,026340
1242,632,012445
1242,194,001811
1242,900,017739
1242,370,024570
1242,708,025766
1242,194,001812
1242,156,001029
1242,156,001029.30
1242,632,012447
1242,708,025767
1242,315,006265
1242,448,022729
1242,708,014292
1242,370,025715
1242,864,016874.14
1242,864,016874
1242,315,021217
1242,632,012450
1242,194,025420
1242,896,021217
1242,900,016874.14
1242,900,016874
1242,944,019042
1242,896,022921
1242,400,008014
1242,424,008830
1242,424,008830.41
1242,814,025912
1242,315,006269
1242,400,008015
1242,778,016104.48
1242,778,016104
1242,632,012454
1242,250,003953
1242,270,004614
1242,528,011123.53
1242,528,011123
1242,528,011123.51
1242,528,011123.24
1242,704,025163
1242,708,014294
1242,896,017516.12
1242,896,017516
1242,185,005540
1242,185,005540.22
1242,270,004615
1242,448,009538
1242,508,010636.33
1242,508,010636
1242,632,022430
1242,736,014787.27
1242,736,014787
1242,882,023547
1242,448,009539
1242,900,017744.22
1242,900,017744
1242,132,023956
1242,640,023956
1242,208,023956
1242,229,025764
1242,355,023956
1242,360,023956
1242,396,023956
1242,416,023956
1242,708,014295
1242,882,023548
1242,970,023956
1242,604,011912
1242,436,011912
1242,970,011912
1242,296,005854
1242,632,024492
1242,436,023802
1242,882,023549
1242,970,019437
1242,708,014296
1242,132,009969
1242,412,009969
1242,476,009969
1242,528,011132
1242,330,024664
1242,330,024238
1242,208,002065.37
1242,208,002065.39
1242,208,002065
1242,224,002867
1242,330,024180
1242,704,025222
1242,736,014791.26
1242,736,014791
1242,936,018591
1242,220,002742
1242,330,024181
1242,490,010365.13
1242,490,010365
1242,728,014630
1242,310,006087
1242,632,012465
1242,936,018593
1242,970,019446.7
1242,970,019446
1242,315,024112
1242,708,024819
1242,612,012157
1242,612,012157.32
1242,612,012157.35
1242,296,005861
1242,315,025549
1242,708,014301
1242,708,014302
1242,296,005863
1242,250,003964
1242,250,003965
1242,632,012474
1242,704,025275
1242,708,024311
1242,232,003037
1242,864,017756.8
1242,864,017756
1242,237,003189
1242,632,012475
1242,708,025059
1242,900,017756.8
1242,900,017756
1242,360,024000
1242,233,003080
1242,708,024764
1242,936,024642
1242,826,016122
1242,826,016122.70
1242,826,016122.78
1242,826,016122.79
1242,826,016122.61
1242,936,024787
1242,272,005089.184
1242,272,005089
1242,544,011262
1242,544,011262.4
1242,236,003157
1242,708,025028
1242,936,024843
1242,360,021684
1242,632,012480
1242,936,025232
1242,864,017759
1242,864,017759.4
1242,296,005868
1242,360,024038
1242,550,011362.12
1242,550,011362.11
1242,550,011362
1242,236,023074
1242,900,017759
1242,900,017759.4
1242,360,024235.24
1242,360,024235.25
1242,360,024235.26
1242,360,024235
1242,239,026093
1242,224,002871
1242,498,025254
1242,632,012484
1242,108,001037
1242,156,001037
1242,864,001037
1242,416,001037
1242,448,001037
1242,525,001037
1242,778,001037
1242,782,001037
1242,900,001037
1242,912,001037
1242,900,021591
1242,194,001827
1242,900,017763
1242,864,016886
1242,632,012488
1242,900,016886
1242,778,023725
1242,864,017766
1242,778,023371
1242,900,017766
1242,778,023284
1242,528,021965
1242,778,023224
1242,232,003039
1242,104,000203
1242,108,000439
1242,130,022862
1242,132,000712
1242,604,011913
1242,156,001039
1242,180,001520
1242,185,005542
1242,188,001590
1242,640,012862
1242,200,001909
1242,112,000546
1242,207,001939
1242,758,015742
1242,210,024802
1242,217,024163
1242,220,002746
1242,224,002872
1242,240,003656
1242,247,009836
1242,250,003969
1242,252,004096
1242,864,016890
1242,934,024188
1242,266,004367
1242,271,004669
1242,270,004622
1242,272,005091
1242,292,005234
1242,359,007249
1242,296,005872
1242,305,005962
1242,310,006095
1242,315,006273
1242,320,006544
1242,352,007078
1242,346,006676
1242,355,007148
1242,360,007418
1242,233,003081
1242,390,007636
1242,396,007727
1242,400,008036
1242,963,023324
1242,412,008187
1242,416,008415
1242,418,008451
1242,420,008688
1242,424,008835
1242,441,009039
1242,448,009559
1242,456,009785
1242,476,009970
1242,230,002956
1242,480,009998
1242,490,010366
1242,508,010638
1242,512,010834
1242,742,015386
1242,520,010903
1242,528,011161
1242,544,011266
1242,120,000648
1242,550,011365
1242,236,003159
1242,237,003191
1242,636,012716
1242,600,011838
1242,612,012158
1242,620,012226
1242,621,012264
1242,632,012493
1242,192,001678
1242,362,007440
1242,660,013212
1242,664,013685
1242,676,013749
1242,681,000789
1242,682,013789
1242,684,013867
1242,692,014031
1242,436,008916
1242,700,014180
1242,238,003240
1242,703,019121
1242,704,014268
1242,708,014303
1242,718,014446
1242,724,014502
1242,736,014794
1242,754,015716
1242,762,015770
1242,766,015828
1242,778,016130
1242,810,016332
1242,782,016201
1242,820,016573
1242,239,003273
1242,194,001829
1242,241,003677
1242,872,017108
1242,732,014672
1242,896,017524
1242,900,017769
1242,908,017852
1242,912,018434
1242,932,018529
1242,944,019055
1242,970,019451
1242,272,023632
1242,424,008836
1242,742,015485
1242,528,011162
1242,694,014096
1242,888,017334
1242,900,017771
1242,932,018530.76
1242,932,018530.73
1242,932,018530.78
1242,932,018530.77
1242,932,018530.75
1242,932,018530
1242,208,002075
1242,864,017773
1242,694,014097
1242,900,017773
1242,208,002076
1242,208,002077
1242,864,017776
1242,270,023430
1242,315,023430
1242,820,023430
1242,194,023430
1242,900,017776
1242,168,001261
1242,208,002078
1242,864,017778
1242,900,017778
1242,330,024835
1242,932,018534
1242,232,003040
1242,104,000204
1242,108,000440
1242,156,001040
1242,168,001264
1242,185,005543
1242,640,012863
1242,112,000547
1242,207,001940
1242,240,003659
1242,247,009842
1242,252,004097
1242,864,016895
1242,266,004368
1242,271,004670
1242,270,004623
1242,272,005094
1242,359,007250
1242,296,005873
1242,305,005963
1242,310,006096
1242,315,006276
1242,320,006545
1242,352,007079
1242,360,007422
1242,233,003082
1242,396,007728
1242,963,019256
1242,416,008416
1242,418,008452
1242,420,008690
1242,448,009560
1242,456,009786
1242,230,002957
1242,490,010367
1242,512,010835
1242,742,015388
1242,520,010904
1242,544,011267
1242,120,000649
1242,550,011366
1242,236,003160
1242,237,003192
1242,612,012159
1242,616,012188
1242,452,009616
1242,660,013213
1242,664,013686
1242,684,013868
1242,692,014034
1242,238,003241
1242,718,014447
1242,728,014635
1242,736,014803
1242,778,016131
1242,239,003274
1242,194,001830
1242,241,003678
1242,875,023287
1242,732,014673
1242,896,017526
1242,900,017780
1242,944,019056
